Movie Title,Year of Release,Genre,Movie Rating,Duration,Metascore,Votes,Gross,Worldwide LT Gross,
Avatar,2009,"Action,Adventure,Fantasy",7.8,162,83,1236962,63122330000,236333979137,
Avengers: Endgame,2019,"Action,Adventure,Drama",8.4,181,78,1108641,71244710000,232192610224,
Titanic,1997,"Drama,Romance",7.9,194,75,1162142,54724390000,182736722912,
Star Wars: Episode VII - The Force Awakens,2015,"Action,Adventure,Sci-Fi",7.8,138,80,925551,77742780000,171770301100,
Avengers: Infinity War,2018,"Action,Adventure,Sci-Fi",8.4,149,68,1062517,56342060000,170013859582,
Spider-Man: No Way Home,2021,"Action,Adventure,Fantasy",8.3,148,71,735006,66794250000,158648901650,
Jurassic World,2015,"Action,Adventure,Sci-Fi",6.9,124,59,640590,54138410000,138737607852,
The Lion King,2019,"Animation,Adventure,Drama",6.8,118,55,244170,45122120000,138049790421,
The Avengers,2012,"Action,Adventure,Sci-Fi",8,143,69,1381149,51732240000,126061687745,
Fast & Furious 7,2015,"Action,Crime,Thriller",7.1,137,67,389484,29299830000,125773336117,
Frozen II,2019,"Animation,Adventure,Comedy",6.8,103,64,171270,39621710000,120352235439,
Top Gun: Maverick,2022,"Action,Drama",8.4,130,78,400255,39386820000,119581398752,
Avengers: Age of Ultron,2015,"Action,Adventure,Sci-Fi",7.3,141,66,856080,38097830000,116433191820,
Black Panther,2018,"Action,Adventure,Sci-Fi",7.3,134,88,751667,58104980000,111850631759,
Harry Potter and the Deathly Hallows: Part 2,2011,"Adventure,Family,Fantasy",8.1,130,85,867676,31623830000,111415875186,
Star Wars: Episode VIII - The Last Jedi,2017,"Action,Adventure,Fantasy",6.9,152,84,627406,51474940000,110614002890,
Jurassic World: Fallen Kingdom,2018,"Action,Adventure,Sci-Fi",6.1,128,51,315318,34670760000,108768702568,
Frozen,2013,"Animation,Adventure,Comedy",7.4,102,75,621680,33261420000,106365172300,
Beauty and the Beast,2017,"Adventure,Family,Fantasy",7.1,129,65,308027,41832830000,105706826260,
Incredibles 2,2018,"Animation,Action,Adventure",7.6,118,80,295100,50512140000,103176407252,
The Fate of the Furious,2017,"Action,Crime,Thriller",6.6,136,56,231745,18758830000,102588424794,
Iron Man Three,2013,"Action,Adventure,Sci-Fi",7.1,130,62,844284,33947830000,100829333916,
Minions,2015,"Animation,Adventure,Comedy",6.4,91,56,238820,27892150000,96233906946,
Captain America: Civil War,2016,"Action,Adventure,Sci-Fi",7.8,147,75,779525,33870640000,95727012168,
Aquaman,2018,"Action,Adventure,Fantasy",6.8,143,55,469031,27809980000,95327856619,
The Lord of the Rings: The Return of the King,2003,"Action,Adventure,Drama",9,201,94,1826650,31361550000,95154205762,
Spider-Man: Far from Home,2019,"Action,Adventure,Sci-Fi",7.4,129,69,485051,32413990000,93950023668,
Captain Marvel,2019,"Action,Adventure,Sci-Fi",6.8,123,64,554645,35426890000,93662426676,
Transformers: Dark of the Moon,2011,"Action,Adventure,Sci-Fi",6.2,154,42,408412,29248370000,93274908557,
Skyfall,2012,"Action,Adventure,Thriller",7.8,143,81,694633,25261880000,92011268417,
Transformers: Age of Extinction,2014,"Action,Adventure,Sci-Fi",5.6,165,32,314154,20371520000,91636487976,
Jurassic Park,1993,"Action,Adventure,Sci-Fi",8.2,127,68,980979,33403350000,91275017249,
The Dark Knight Rises,2012,"Action,Drama",8.4,164,78,1689199,37195620000,89735707051,
Joker,2019,"Crime,Drama,Thriller",8.4,122,59,1252541,27842350000,89178995590,
Star Wars: Episode IX - The Rise of Skywalker,2019,"Action,Adventure,Fantasy",6.5,141,53,446565,42761600000,89154390157,
Toy Story 4,2019,"Animation,Adventure,Comedy",7.7,100,84,248612,36025320000,89091751219,
Toy Story 3,2010,"Animation,Adventure,Comedy",8.3,103,92,830727,34445000000,88558577313,
Pirates of the Caribbean: Dead Man's Chest,2006,"Action,Adventure,Fantasy",7.3,151,53,716144,35135560000,88492919001,
The Lion King,1994,"Animation,Adventure,Drama",8.5,88,88,1048260,35090740000,88279779815,
Rogue One,2016,"Action,Adventure,Sci-Fi",7.8,133,65,628840,44170940000,87765892121,
Aladdin,2019,"Adventure,Comedy,Family",6.9,128,53,264450,29511480000,87207598099,
Pirates of the Caribbean: On Stranger Tides,2011,"Action,Adventure,Fantasy",6.6,137,45,526578,20007980000,86794245566,
Despicable Me 3,2017,"Animation,Adventure,Comedy",6.2,89,49,135707,21963460000,85888410873,
Finding Dory,2016,"Animation,Adventure,Comedy",7.3,97,77,275251,40362900000,85371388186,
Star Wars: Episode I - The Phantom Menace,1999,"Action,Adventure,Fantasy",6.5,136,51,801077,39386820000,85247864681,
Alice in Wonderland,2010,"Adventure,Family,Fantasy",6.4,108,53,414116,27737770000,85113861928,
Zootopia,2016,"Animation,Adventure,Comedy",8,108,78,494843,28325410000,85002051632,
Harry Potter and the Sorcerer's Stone,2001,"Adventure,Family,Fantasy",7.6,152,65,770196,26359140000,84850071577,
The Hobbit: An Unexpected Journey,2012,"Adventure,Fantasy",7.8,169,58,823402,25149000000,84413544033,
The Dark Knight,2008,"Action,Crime,Drama",9,152,84,2622926,44393380000,83506488991,
Jurassic World Dominion,2022,"Action,Adventure,Sci-Fi",5.7,147,38,141776,12191040000,82558191000,
Harry Potter and the Deathly Hallows: Part 1,2010,"Adventure,Family,Fantasy",7.7,146,65,544179,24566340000,81096841789,
Despicable Me 2,2013,"Animation,Adventure,Comedy",7.3,98,62,400030,30548980000,80573578415,
The Jungle Book,2016,"Adventure,Drama,Family",7.4,106,77,277311,30212000000,80224059107,
Jumanji: Welcome to the Jungle,2017,"Action,Adventure,Comedy",6.9,119,58,377561,33575160000,79891064435,
The Hobbit: The Battle of the Five Armies,2014,"Adventure,Fantasy",7.4,144,59,529711,21174960000,79862711054,
Pirates of the Caribbean: At World's End,2007,"Action,Adventure,Fantasy",7.1,169,50,649327,25681860000,79762708836,
The Hobbit: The Desolation of Smaug,2013,"Adventure,Fantasy",7.8,161,66,659955,21444710000,79599323336,
Doctor Strange in the Multiverse of Madness,2022,"Action,Adventure,Fantasy",7,126,60,393525,12892390000,79277632434,
The Lord of the Rings: The Two Towers,2002,"Action,Adventure,Drama",8.8,179,87,1649383,28431650000,78675388003,
Harry Potter and the Order of the Phoenix,2007,"Action,Adventure,Family",7.5,138,71,576897,24236000000,78202741930,
Finding Nemo,2003,"Animation,Adventure,Comedy",8.2,100,90,1036553,31609720000,78049269535,
Harry Potter and the Half-Blood Prince,2009,"Action,Adventure,Family",7.6,153,78,540537,25062680000,77562092237,
Shrek 2,2004,"Animation,Adventure,Comedy",7.3,93,75,461112,36227010000,77087143910,
Bohemian Rhapsody,2018,"Biography,Drama,Music",7.9,134,49,534276,17963690000,75597172813,
Chang jin hu,2021,"Action,Drama,History",5.4,176,,3046,28220000,74911237822,
The Lord of the Rings: The Fellowship of the Ring,2001,"Action,Adventure,Drama",8.8,178,92,1853771,26189820000,74541863586,
Harry Potter and the Goblet of Fire,2005,"Adventure,Family,Fantasy",7.7,157,81,621111,24070830000,74428611912,
Spider-Man 3,2007,"Action,Adventure,Sci-Fi",6.3,139,59,587489,27931990000,74283619959,
Minions: The Rise of Gru,2022,"Animation,Adventure,Comedy",6.6,87,56,57702,24943990000,73950183395,
Ice Age: Dawn of the Dinosaurs,2009,"Animation,Adventure,Comedy",6.9,94,50,245386,16315310000,73595005811,
Spectre,2015,"Action,Adventure,Thriller",6.8,148,60,439299,16605810000,73096566077,
Spider-Man: Homecoming,2017,"Action,Adventure,Sci-Fi",7.4,133,73,649821,27738600000,73053854692,
Harry Potter and the Chamber of Secrets,2002,"Adventure,Family,Fantasy",7.4,161,63,629277,21745170000,73034066413,
Ice Age: Continental Drift,2012,"Animation,Adventure,Comedy",6.5,88,49,209391,13389560000,72811316906,
The Secret Life of Pets,2016,"Animation,Adventure,Comedy",6.5,87,61,202342,30575540000,72663066373,
Batman v Superman: Dawn of Justice,2016,"Action,Adventure,Sci-Fi",6.4,152,44,695862,27419880000,72511914824,
Zhan lang II,2017,"Action,Adventure,Drama",5.9,123,44,8132,225760000,72237011437,
Star Wars: Episode III - Revenge of the Sith,2005,"Action,Adventure,Fantasy",7.6,140,68,786549,31561580000,72076416480,
The Hunger Games: Catching Fire,2013,"Action,Adventure,Sci-Fi",7.5,146,76,662070,35247610000,71795974918,
Guardians of the Galaxy Vol. 2,2017,"Action,Adventure,Comedy",7.6,136,67,673752,32354230000,71691752233,
Inside Out,2015,"Animation,Adventure,Comedy",8.2,95,94,706883,29586180000,71284385577,
Venom,2018,"Action,Adventure,Sci-Fi",6.6,112,35,480550,17722160000,71055067533,
Thor: Ragnarok,2017,"Action,Adventure,Comedy",7.9,130,74,742843,26149980000,70880661957,
Inception,2010,"Action,Adventure,Sci-Fi",8.8,148,74,2324716,24284140000,69458392466,
Transformers: Revenge of the Fallen,2009,"Action,Adventure,Sci-Fi",5.9,149,35,406957,33375130000,69413206519,
The Twilight Saga: Breaking Dawn - Part 2,2012,"Adventure,Drama,Fantasy",5.5,115,52,249122,24260900000,68869055282,
Spider-Man,2002,"Action,Adventure,Sci-Fi",7.4,121,73,811999,33507930000,68477077988,
Wonder Woman,2017,"Action,Adventure,Fantasy",7.4,141,76,653072,34242480000,68296905738,
"Ni hao, Li Huanying",2021,"Comedy,Romance",7,128,,2163,30548980000,68226810412,
Independence Day,1996,"Action,Adventure,Sci-Fi",7,145,59,574288,25412110000,67844273953,
Fantastic Beasts and Where to Find Them,2016,"Adventure,Family,Fantasy",7.2,132,66,473418,19425320000,67565652083,
Shrek the Third,2007,"Animation,Adventure,Comedy",6.1,93,58,306508,26618930000,67509492540,
Coco,2017,"Animation,Adventure,Comedy",8.4,105,81,498683,17407590000,67048884704,
Jumanji: The Next Level,2019,"Action,Adventure,Comedy",6.7,123,58,248177,26296890000,66404955681,
Harry Potter and the Prisoner of Azkaban,2004,"Adventure,Family,Fantasy",7.9,142,82,628520,20696880000,66198194381,
Pirates of the Caribbean: Dead Men Tell No Tales,2017,"Action,Adventure,Fantasy",6.5,129,39,310294,14322480000,65975159686,
E.T. the Extra-Terrestrial,1982,"Adventure,Family,Sci-Fi",7.9,115,91,407536,36114130000,65811575982,
Mission: Impossible - Fallout,2018,"Action,Adventure,Thriller",7.7,147,86,331232,18273280000,65707564034,
2012,2009,"Action,Adventure,Sci-Fi",5.8,158,49,377606,13787130000,65671079558,
Indiana Jones and the Kingdom of the Crystal Skull,2008,"Action,Adventure",6.2,122,65,453532,26319300000,65624277186,
Spider-Man 2,2004,"Action,Adventure,Sci-Fi",7.4,127,83,648995,31007970000,65485045599,
Furious 6,2013,"Action,Adventure,Crime",7,130,61,394307,19810440000,65460520344,
Deadpool 2,2018,"Action,Adventure,Comedy",7.7,119,66,575147,26940970000,65229418547,
Deadpool,2016,"Action,Adventure,Comedy",8,108,65,1026159,30134810000,64975453653,
Star Wars,1977,"Action,Adventure,Fantasy",8.6,121,90,1353518,26787420000,64358034581,
No Time to Die,2021,"Action,Adventure,Thriller",7.3,163,68,392253,13352210000,64254699581,
Guardians of the Galaxy,2014,"Action,Adventure,Comedy",8,121,76,1167695,27653940000,64188062201,
The Batman,2022,"Action,Crime,Drama",7.9,176,72,608067,,63979401529,
The Da Vinci Code,2006,"Mystery,Thriller",6.6,149,46,432328,18055820000,63080576435,
Fast & Furious Presents: Hobbs & Shaw,2019,"Action,Adventure,Thriller",6.5,137,60,211651,14438680000,63001725605,
Maleficent,2014,"Adventure,Family,Fantasy",6.9,97,56,374967,20037030000,62948177657,
The Amazing Spider-Man,2012,"Action,Adventure,Sci-Fi",6.9,136,66,653109,21748490000,62908245029,
The Hunger Games: Mockingjay - Part 1,2014,"Action,Adventure,Sci-Fi",6.6,123,64,453870,27982620000,62694607013,
Shrek Forever After,2010,"Animation,Adventure,Comedy",6.3,93,58,204809,19784710000,62465871961,
Thor: Love and Thunder,2022,"Action,Adventure,Comedy",6.4,118,57,286145,,62321240643,
Madagascar 3: Europe's Most Wanted,2012,"Animation,Adventure,Comedy",6.8,95,60,181744,17960370000,61994465742,
Suicide Squad,2016,"Action,Adventure,Fantasy",5.9,123,40,682385,26983300000,61988292202,
X-Men: Days of Future Past,2014,"Action,Adventure,Sci-Fi",7.9,132,75,710007,19415360000,61921793100,
"The Chronicles of Narnia: The Lion, the Witch and the Wardrobe",2005,"Adventure,Family,Fantasy",6.9,143,75,397304,24211930000,61836088545,
Monsters University,2013,"Animation,Adventure,Comedy",7.2,104,65,358803,22284670000,61715450535,
The Matrix Reloaded,2003,"Action,Sci-Fi",7.2,138,62,592924,23363670000,61573378771,
Up,2009,"Animation,Adventure,Comedy",8.3,96,88,1035685,24319000000,61013225466,
Ne Zha zhi mo tong jiang shi,2019,"Animation,Action,Adventure",7.4,110,54,7676,307100000,60279918142,
F9,2021,"Action,Crime,Thriller",5.2,143,58,130723,14375600000,60277048583,
Gravity,2013,"Drama,Sci-Fi,Thriller",7.7,91,96,822546,22749470000,60024994515,
Captain America: The Winter Soldier,2014,"Action,Adventure,Sci-Fi",7.8,136,70,838915,21560910000,59296984749,
The Twilight Saga: Breaking Dawn - Part 1,2011,"Adventure,Drama,Fantasy",4.9,117,45,240895,23347070000,59113086048,
The Twilight Saga: New Moon,2009,"Adventure,Drama,Fantasy",4.7,130,44,284729,24619460000,59015114923,
Dawn of the Planet of the Apes,2014,"Action,Adventure,Drama",7.6,130,79,441019,17309650000,58983498978,
Transformers,2007,"Action,Adventure,Sci-Fi",7,144,61,636038,26497750000,58905911740,
The Amazing Spider-Man 2,2014,"Action,Adventure,Sci-Fi",6.6,142,53,495780,16836550000,58845532809,
It,2017,Horror,7.3,135,69,540445,27180840000,58252931733,
Interstellar,2014,"Adventure,Drama,Sci-Fi",8.6,169,74,1795113,15605660000,58243524098,
Liu lang di qiu,2019,"Action,Adventure,Sci-Fi",5.9,125,57,30681,488040000,58099378496,
The Twilight Saga: Eclipse,2010,"Action,Adventure,Drama",5,124,58,246316,24943990000,57974781801,
Mission: Impossible - Ghost Protocol,2011,"Action,Thriller",7.4,132,73,489750,17380200000,57661210540,
The Hunger Games,2012,"Action,Adventure,Sci-Fi",7.2,142,68,913111,33864830000,57634762092,
Tang ren jie tan an 3,2021,"Action,Adventure,Comedy",5.6,136,,2032,14272680000,56959377729,
Mission: Impossible - Rogue Nation,2015,"Action,Adventure,Thriller",7.4,131,75,372665,16188320000,56665480788,
Forrest Gump,1994,"Drama,Romance",8.8,142,82,2053012,27410750000,56292796595,
Doctor Strange,2016,"Action,Adventure,Fantasy",7.5,115,72,735360,19309120000,56257074308,
The Sixth Sense,1999,"Drama,Mystery,Thriller",8.2,107,64,985833,24361330000,55842933856,
Man of Steel,2013,"Action,Adventure,Sci-Fi",7.1,143,55,765934,24157150000,55447777994,
Ice Age: The Meltdown,2006,"Animation,Adventure,Comedy",6.8,91,60,278310,16212390000,55368843998,
Kung Fu Panda 2,2011,"Animation,Action,Adventure",7.2,90,67,284471,13715750000,55252459323,
Justice League,2017,"Action,Adventure,Fantasy",6.1,120,45,450520,19008660000,54607939921,
Big Hero 6,2014,"Animation,Action,Adventure",7.8,102,74,459347,18469990000,54603183938,
Fantastic Beasts: The Crimes of Grindelwald,2018,"Adventure,Family,Fantasy",6.5,134,52,281427,13243480000,54353039783,
Pirates of the Caribbean: The Curse of the Black Pearl,2003,"Action,Adventure,Fantasy",8.1,143,63,1119228,25349030000,54303913245,
Star Wars: Episode II - Attack of the Clones,2002,"Action,Adventure,Fantasy",6.6,142,54,707156,25786440000,54263737510,
The Hunger Games: Mockingjay - Part 2,2015,"Action,Adventure,Sci-Fi",6.5,137,65,325499,23382760000,54234545663,
Thor: The Dark World,2013,"Action,Adventure,Fantasy",6.8,112,54,679421,17127880000,53517000620,
Moana,2016,"Animation,Adventure,Comedy",7.6,107,81,333042,20647080000,53398471806,
Sing,2016,"Animation,Comedy,Family",7.1,108,59,169094,22443200000,52650085872,
Kung Fu Panda,2008,"Animation,Action,Adventure",7.6,92,74,467487,17880690000,52462905351,
The Incredibles,2004,"Animation,Action,Adventure",8,115,90,731233,21699520000,52423385399,
The Martian,2015,"Adventure,Drama,Sci-Fi",8,144,80,846681,18959690000,52341527894,
Hancock,2008,"Action,Drama,Fantasy",6.4,92,49,481308,18919850000,52243804524,
Chang jin hu zhi shui men qiao,2022,"Action,Drama,History",5.4,153,,782,12825990000,52005416240,
Fast Five,2011,"Action,Crime,Thriller",7.3,130,66,380863,17416720000,51969427025,
Men in Black 3,2012,"Action,Adventure,Comedy",6.8,106,58,362935,14858660000,51794222408,
Iron Man 2,2010,"Action,Adventure,Sci-Fi",6.9,124,57,811868,25931690000,51786466473,
Ratatouille,2007,"Animation,Adventure,Comedy",8.1,111,96,728597,17135350000,51769265055,
Ant-Man and the Wasp,2018,"Action,Adventure,Comedy",7,118,70,397307,17981950000,51681953537,
How to Train Your Dragon 2,2014,"Animation,Action,Adventure",7.8,102,77,334825,14691000000,51587614077,
Logan,2017,"Action,Drama,Sci-Fi",8.1,137,77,754661,18781240000,51391935850,
The Lost World: Jurassic Park,1997,"Action,Adventure,Sci-Fi",6.5,129,59,417508,19014470000,51347036917,
Casino Royale,2006,"Action,Adventure,Thriller",8,144,80,654957,13898350000,51169741696,
The Passion of the Christ,2004,Drama,7.2,127,47,231963,30774740000,50800523998,
Mamma Mia!,2008,"Comedy,Musical,Romance",6.5,108,51,245380,11962790000,50734398977,
Life of Pi,2012,"Adventure,Drama,Fantasy",7.9,127,79,627590,10374170000,50548374895,
Transformers: The Last Knight,2017,"Action,Adventure,Sci-Fi",5.2,154,27,151757,10804110000,50250288031,
Madagascar: Escape 2 Africa,2008,"Animation,Adventure,Comedy",6.6,89,61,227701,14940830000,50123729382,
War of the Worlds,2005,"Action,Adventure,Sci-Fi",6.5,116,73,448458,19445240000,50121468877,
Tangled,2010,"Animation,Adventure,Comedy",7.7,100,71,450996,16668060000,49174413728,
Quantum of Solace,2008,"Action,Adventure,Thriller",6.6,106,58,448087,13974710000,48935180006,
Men in Black,1997,"Action,Adventure,Comedy",7.3,98,71,566157,20807270000,48919414737,
The Croods,2013,"Animation,Adventure,Comedy",7.2,98,55,214963,15535110000,48740586589,
The Hangover Part II,2011,Comedy,6.4,102,44,499126,21120180000,48701437315,
Iron Man,2008,"Action,Adventure,Sci-Fi",7.9,126,79,1050497,26428030000,48621088501,
I Am Legend,2007,"Action,Drama,Sci-Fi",7.2,101,65,753604,21280370000,48589034316,
Ready Player One,2018,"Action,Adventure,Sci-Fi",7.4,140,64,432747,11428270000,48382264467,
"Monsters, Inc.",2001,"Animation,Adventure,Comedy",8.1,92,79,902358,24063360000,48115742254,
Hong hai xing dong,2018,"Action,Drama,Thriller",6.6,142,,7281,127820000,48084425358,
Night at the Museum,2006,"Adventure,Comedy,Family",6.4,108,48,347133,20821380000,47681942007,
Fifty Shades of Grey,2015,"Drama,Romance,Thriller",4.1,125,46,320016,13792110000,47281071761,
Kong: Skull Island,2017,"Action,Adventure,Fantasy",6.6,118,62,318423,13948150000,47032183396,
The Smurfs,2011,"Animation,Adventure,Comedy",5.4,103,30,90823,11836630000,46791193809,
Cars 2,2011,"Animation,Adventure,Comedy",6.2,106,57,189937,15890350000,46467748868,
King Kong,2005,"Action,Adventure,Drama",7.2,187,81,422691,18100640000,46223229374,
Puss in Boots,2011,"Animation,Adventure,Comedy",6.6,90,65,159431,12388580000,46063960591,
Mei ren yu,2016,"Comedy,Drama,Fantasy",6.2,94,69,9374,268090000,45966248924,
Armageddon,1998,"Action,Adventure,Sci-Fi",6.7,151,42,425532,16730310000,45957912404,
The Day After Tomorrow,2004,"Action,Adventure,Sci-Fi",6.4,124,47,447826,15499420000,45869084393,
Ted,2012,Comedy,6.9,106,62,612897,18162060000,45597570145,
American Sniper,2014,"Action,Biography,Drama",7.3,133,72,486028,29060790000,45439098660,
Mission: Impossible II,2000,"Action,Adventure,Thriller",6.1,123,59,342535,17879030000,45350212964,
Tang ren jie tan an 2,2018,"Action,Comedy,Mystery",6.1,121,48,2693,164340000,45167367948,
X-Men: Apocalypse,2016,"Action,Adventure,Sci-Fi",6.9,144,52,433669,12901520000,45146530715,
Sherlock Holmes: A Game of Shadows,2011,"Action,Adventure,Mystery",7.4,129,48,453910,15508550000,45139418694,
Despicable Me,2010,"Animation,Adventure,Comedy",7.6,95,72,545549,20875330000,45082112755,
Cinderella,2015,"Adventure,Drama,Family",6.9,105,67,177525,16695450000,45015741473,
Madagascar,2005,"Animation,Adventure,Comedy",6.9,86,57,402909,16068800000,44991299218,
World War Z,2013,"Action,Adventure,Horror",7,116,63,662743,16795880000,44857837708,
Brave,2012,"Animation,Adventure,Comedy",7.1,93,69,410413,19694240000,44735606181,
The Empire Strikes Back,1980,"Action,Adventure,Fantasy",8.7,124,82,1280836,24109840000,44685130561,
The Simpsons Movie,2007,"Animation,Adventure,Comedy",7.3,87,80,330377,15200620000,44522386319,
The Revenant,2015,"Action,Adventure,Drama",8,156,76,796927,15242120000,44234891749,
The Meg,2018,"Action,Horror,Sci-Fi",5.6,113,46,171428,11869830000,44032937560,
Ralph Breaks the Internet,2018,"Animation,Adventure,Comedy",7,112,71,160624,16690470000,43933888846,
Hotel Transylvania 3: Summer Vacation,2018,"Animation,Adventure,Comedy",6.3,97,54,74177,13903330000,43872453242,
The Boss Baby,2017,"Animation,Adventure,Comedy",6.3,97,50,126991,14525000000,43821172688,
Dunkirk,2017,"Action,Drama,History",7.8,106,94,650998,15634710000,43742353481,
Godzilla,2014,"Action,Adventure,Sci-Fi",6.4,123,62,413560,16656440000,43573013727,
How to Train Your Dragon: The Hidden World,2019,"Animation,Action,Adventure",7.4,104,71,128488,13346400000,43540173449,
Sherlock Holmes,2009,"Action,Adventure,Mystery",7.6,128,57,631723,17349490000,43494380357,
Meet the Fockers,2004,"Comedy,Romance",6.3,115,41,271402,23178580000,43380608688,
WALL?,2008,"Animation,Adventure,Family",8.4,98,95,1106841,18576230000,43268886870,
Kung Fu Panda 3,2016,"Animation,Action,Adventure",7.1,95,66,158944,11912990000,43257178475,
Terminator 2: Judgment Day,1991,"Action,Sci-Fi",8.6,137,75,1089869,17001720000,43233135782,
Ant-Man,2015,"Action,Adventure,Comedy",7.3,117,64,660728,14956600000,43102893095,
The Grinch,2018,"Animation,Comedy,Family",6.3,85,51,70213,22461460000,42567281977,
Venom: Let There Be Carnage,2021,"Action,Adventure,Sci-Fi",5.9,97,49,220241,17724650000,42069678136,
Ghost,1990,"Drama,Fantasy,Romance",7.1,127,52,217251,18063290000,41973395231,
Aladdin,1992,"Animation,Adventure,Comedy",8,90,86,416811,18040050000,41836168177,
Rio 2,2014,"Animation,Adventure,Comedy",6.3,101,49,90925,10917820000,41398832711,
Troy,2004,"Drama,History",7.3,163,56,533295,11070540000,41285017716,
Toy Story 2,1999,"Animation,Adventure,Comedy",7.9,92,88,578177,20405550000,41282156623,
How to Train Your Dragon,2010,"Animation,Action,Adventure",8.1,98,75,735267,18059140000,41074996093,
Twister,1996,"Action,Adventure,Thriller",6.4,113,68,196834,20062760000,41050191045,
Oz the Great and Powerful,2013,"Adventure,Family,Fantasy",6.3,130,44,208389,19497530000,40944881475,
Clash of the Titans,2010,"Action,Adventure,Fantasy",5.8,106,39,282939,13546430000,40936844419,
Maleficent: Mistress of Evil,2019,"Adventure,Family,Fantasy",6.6,119,43,105066,9456190000,40813597387,
War for the Planet of the Apes,2017,"Action,Adventure,Drama",7.4,140,82,256597,12191040000,40729740329,
Shrek,2001,"Animation,Adventure,Comedy",7.9,90,84,672459,22216610000,40533159560,
Mr. & Mrs. Smith,2005,"Action,Comedy,Crime",6.5,120,55,494933,15466220000,40444874618,
Angels & Demons,2009,"Action,Mystery,Thriller",6.7,138,48,293394,11070540000,40332257728,
Teenage Mutant Ninja Turtles,2014,"Action,Adventure,Comedy",5.8,101,31,211216,15869600000,40255394582,
Bruce Almighty,2003,"Comedy,Fantasy",6.8,101,46,403001,20154890000,40221208542,
Rio,2011,"Animation,Adventure,Comedy",6.9,96,63,227834,11920460000,40160920994,
Saving Private Ryan,1998,"Drama,War",8.6,169,91,1377916,17972820000,40035017049,
Rise of the Planet of the Apes,2011,"Action,Drama,Sci-Fi",7.6,105,68,527898,14671080000,39989472459,
Home Alone,1990,"Comedy,Family",7.7,103,63,563004,23718080000,39564828025,
Hotel Transylvania 2,2015,"Animation,Adventure,Comedy",6.6,89,44,127713,14085100000,39440496598,
Star Wars: Episode VI - Return of the Jedi,1983,"Action,Adventure,Fantasy",8.3,131,58,1045754,25657790000,39433812691,
Charlie and the Chocolate Factory,2005,"Adventure,Comedy,Family",6.7,115,72,478381,17136180000,39422407329,
Indiana Jones and the Last Crusade,1989,"Action,Adventure",8.2,127,65,750474,16365110000,39356259898,
Jaws,1975,"Adventure,Thriller",8.1,124,87,602420,21580000000,39353727900,
San Andreas,2015,"Action,Adventure,Thriller",6.1,114,43,237412,12880770000,39342759782,
It Chapter Two,2019,"Drama,Fantasy,Horror",6.5,169,58,262024,17561970000,39269169575,
Wreck-It Ralph,2012,"Animation,Adventure,Comedy",7.7,101,72,421180,15721860000,39111499787,
Godzilla vs. Kong,2021,"Action,Sci-Fi,Thriller",6.3,113,59,206514,8376360000,39015562162,
The Hangover,2009,Comedy,7.7,100,73,781265,23017560000,38954230557,
The Lego Movie,2014,"Animation,Action,Adventure",7.7,100,83,354346,21394080000,38866088126,
Bumblebee,2018,"Action,Adventure,Sci-Fi",6.7,114,66,164926,10557600000,38843140535,
Star Trek Into Darkness,2013,"Action,Adventure,Sci-Fi",7.7,132,72,483380,18988740000,38791315418,
The Matrix,1999,"Action,Sci-Fi",8.7,136,73,1895339,14232840000,38779486424,
Gladiator,2000,"Action,Adventure,Drama",8.5,155,67,1485912,15579930000,38626606566,
Pretty Woman,1990,"Comedy,Romance",7.1,119,51,324063,14808030000,38462720244,
Cars,2006,"Animation,Adventure,Comedy",7.2,117,73,419343,20258640000,38345324961,
Ba bai,2020,"Action,Drama,History",6.7,149,64,5832,30710000,38297989397,
X-Men: The Last Stand,2006,"Action,Adventure,Sci-Fi",6.6,104,58,516297,19451880000,38216129153,
National Treasure: Book of Secrets,2007,"Action,Adventure,Mystery",6.5,124,48,237913,18256680000,38117106667,
Lucy,2014,"Action,Sci-Fi,Thriller",6.4,89,61,494639,10512780000,38085678800,
Mission: Impossible,1996,"Action,Adventure,Thriller",7.1,110,59,425965,15021340000,37988800453,
300,2006,"Action,Drama",7.6,117,52,816922,17480630000,37854834469,
The Last Samurai,2003,"Action,Drama",7.8,154,55,440027,9222130000,37734062829,
Kimetsu no Yaiba: Mugen Ressha-Hen,2020,"Animation,Action,Adventure",8.2,117,72,56907,3959100000,37616509597,
Wo bu shi yao shen,2018,"Comedy,Drama",7.8,117,63,6479,830000,37448221453,
Ocean's Eleven,2001,"Crime,Thriller",7.7,116,74,571258,15223860000,37409523450,
Wo he wo de zu guo,2019,"Drama,History",6.3,154,,1892,195880000,37355394419,
Thor,2011,"Action,Adventure,Fantasy",7,115,57,844378,15025490000,37294109294,
Pearl Harbor,2001,"Action,Drama,History",6.2,183,44,332611,16478820000,37285338435,
La La Land,2016,"Comedy,Drama,Music",8,128,94,581482,12541300000,37259269795,
Tarzan,1999,"Animation,Adventure,Comedy",7.3,88,79,226365,14200470000,37199920977,
Men in Black II,2002,"Action,Adventure,Comedy",6.1,88,49,374914,15804860000,36946228904,
The Bourne Ultimatum,2007,"Action,Mystery,Thriller",8,115,85,633900,18880010000,36860302905,
The Mummy Returns,2001,"Action,Adventure,Fantasy",6.4,130,48,325179,16767660000,36792315032,
Alvin and the Chipmunks: The Squeakquel,2009,"Animation,Adventure,Comedy",4.5,88,41,49552,18227630000,36780620415,
Les Mis?ables,2012,"Drama,Musical,Romance",7.5,158,63,329707,12351230000,36710842647,
The Exorcist,1973,Horror,8.1,122,81,403949,19331530000,36628410035,
Mrs. Doubtfire,1993,"Comedy,Drama",7.1,125,53,268073,18193600000,36626754185,
Terminator Genisys,2015,"Action,Adventure,Sci-Fi",6.3,126,38,278084,7450080000,36570093571,
Warcraft,2016,"Action,Adventure,Fantasy",6.7,123,32,263969,3931710000,36441059862,
A Star Is Born,2018,"Drama,Music,Romance",7.6,136,88,381604,17869070000,36207349126,
The Greatest Showman,2017,"Biography,Drama,Musical",7.5,105,48,280057,14470220000,36165799907,
Terminator 3: Rise of the Machines,2003,"Action,Sci-Fi",6.3,109,66,399649,12480710000,35969802296,
Pok?on: Detective Pikachu,2019,"Action,Adventure,Comedy",6.5,104,53,162859,11961130000,35958115232,
Shang-Chi and the Legend of the Ten Rings,2021,"Action,Adventure,Fantasy",7.4,132,71,374342,18636820000,35876193236,
Die Another Day,2002,"Action,Adventure,Thriller",6.1,133,56,219747,13358020000,35853602628,
The Secret Life of Pets 2,2019,"Animation,Adventure,Comedy",6.4,86,55,62383,13186210000,35694257319,
Cast Away,2000,"Adventure,Drama,Romance",7.8,143,73,588627,19391290000,35659467786,
Rampage,2018,"Action,Adventure,Sci-Fi",6.1,107,45,167913,8385490000,35526343339,
The King's Speech,2010,"Biography,Drama,History",8,118,88,679043,11520400000,35472068311,
The Matrix Revolutions,2003,"Action,Sci-Fi",6.7,129,47,511943,11562730000,35469578975,
The Intouchables,2011,"Biography,Comedy,Drama",8.5,112,57,849817,1093940000,35406846330,
Bad Boys for Life,2020,"Action,Comedy,Crime",6.5,124,59,160067,17123730000,35399935252,
Django Unchained,2012,"Drama,Western",8.4,165,81,1534855,13513230000,35364172959,
Beauty and the Beast,1991,"Animation,Family,Fantasy",8,84,95,453187,18174510000,35272312460,
Dances with Wolves,1990,"Adventure,Drama,Western",8,181,72,265130,15289430000,35209334384,
Wo he wo de jia xiang,2020,Drama,6.5,153,,843,14036130000,35058438060,
The Chronicles of Narnia: Prince Caspian,2008,"Action,Adventure,Family",6.5,150,62,210925,11754460000,34832242144,
Sex and the City,2008,"Comedy,Drama,Romance",5.7,145,53,122626,12669950000,34757538077,
Zhong guo ji zhang,2019,"Action,Adventure,Drama",6.2,111,,2150,58930000,34634407743,
The Mummy,1999,"Action,Adventure,Fantasy",7.1,124,48,428601,12885750000,34522472698,
The Chronicles of Narnia: The Voyage of the Dawn Treader,2010,"Adventure,Family,Fantasy",6.3,113,53,154816,8664370000,34501956011,
Jason Bourne,2016,"Action,Thriller",6.6,123,58,227583,13481690000,34485247862,
The Wolverine,2013,"Action,Sci-Fi",6.7,126,61,465995,11002480000,34430744418,
Kingsman: The Secret Service,2014,"Action,Adventure,Comedy",7.7,129,60,664004,10645580000,34391178318,
Night at the Museum: Battle of the Smithsonian,2009,"Adventure,Comedy,Family",6,105,42,196802,14710920000,34287812110,
Batman,1989,"Action,Adventure",7.5,126,69,376730,20848770000,34160247003,
The Bodyguard,1992,"Action,Drama,Music",6.3,129,39,134840,10121850000,34116855267,
Pacific Rim,2013,"Action,Adventure,Sci-Fi",6.9,131,65,500987,8449400000,34113241198,
Kingsman: The Golden Circle,2017,"Action,Adventure,Comedy",6.7,141,44,326293,8319090000,34104920946,
The Mummy,2017,"Action,Adventure,Fantasy",5.4,111,34,190176,6648300000,33966223381,
Sing 2,2021,"Animation,Adventure,Comedy",7.4,110,49,66528,13511570000,33933474652,
Ice Age: Collision Course,2016,"Animation,Adventure,Comedy",5.6,94,34,67153,5316980000,33926662925,
Twilight,2008,"Drama,Fantasy,Romance",5.3,122,56,460735,15892010000,33899724445,
Signs,2002,"Drama,Mystery,Sci-Fi",6.8,106,59,363169,18921510000,33884577111,
X2,2003,"Action,Adventure,Sci-Fi",7.4,134,68,549360,17840850000,33840058567,
Fantastic Beasts: The Secrets of Dumbledore,2022,"Adventure,Family,Fantasy",6.2,142,47,131975,15025490000,33628390722,
Alita: Battle Angel,2019,"Action,Adventure,Sci-Fi",7.3,122,53,266360,7113930000,33613385069,
The Mummy: Tomb of the Dragon Emperor,2008,"Action,Adventure,Fantasy",5.2,112,31,161456,8506670000,33486335890,
Prometheus,2012,"Adventure,Mystery,Sci-Fi",7,124,64,608177,10497840000,33478420927,
Gone with the Wind,1939,"Drama,Romance,War",8.2,238,97,314964,16490440000,33397722019,
Mamma Mia! Here We Go Again,2018,"Comedy,Musical,Romance",6.6,114,60,95422,10012290000,33387870251,
Eternals,2021,"Action,Adventure,Fantasy",6.3,156,52,335050,13684210000,33371386617,
Sonic the Hedgehog 2,2022,"Action,Adventure,Comedy",6.5,122,47,62156,,33355451032,
Dune: Part One,2021,"Action,Adventure,Drama",8,155,74,618157,8991390000,33353375700,
Uncharted,2022,"Action,Adventure",6.3,116,45,191170,,33345152060,
Tron,2010,"Action,Adventure,Sci-Fi",6.8,125,49,337056,14280980000,33205299716,
Mission: Impossible III,2006,"Action,Adventure,Thriller",6.9,126,66,356861,11124490000,33073798251,
Snow White and the Huntsman,2012,"Action,Adventure,Drama",6.1,127,57,290046,12892390000,32917204807,
Grease,1978,"Comedy,Musical,Romance",7.2,110,70,276124,15667080000,32890501549,
Toy Story,1995,"Animation,Adventure,Comedy",8.3,81,95,985902,15919400000,32738236638,
Solo: A Star Wars Story,2018,"Action,Adventure,Sci-Fi",6.9,135,62,344300,17742910000,32612758981,
The Wolf of Wall Street,2013,"Biography,Comedy,Crime",8.2,180,75,1387132,9702700000,32536057602,
Superman Returns,2006,"Action,Adventure,Sci-Fi",6.1,154,72,283488,16606640000,32459738936,
Robin Hood: Prince of Thieves,1991,"Action,Adventure,Drama",6.9,143,51,194169,13736500000,32410994364,
Raiders of the Lost Ark,1981,"Action,Adventure",8.4,115,85,959488,20597280000,32363855593,
Independence Day: Resurgence,2016,"Action,Adventure,Sci-Fi",5.2,120,32,179948,8560620000,32343600605,
Live Free or Die Hard,2007,"Action,Thriller",7.1,128,69,406071,11165990000,32216948913,
Zhuo yao ji,2015,"Adventure,Comedy,Fantasy",6.1,117,53,5315,1660000,32125440998,
Godzilla: King of the Monsters,2019,"Action,Adventure,Fantasy",6,132,48,182174,9171500000,32087811454,
Home,2015,"Animation,Adventure,Comedy",6.6,94,55,103018,14724200000,32041453381,
Star Trek,2009,"Action,Adventure,Sci-Fi",7.9,127,82,603062,21391590000,32011477018,
1917,2019,"Action,Drama,War",8.2,119,78,577650,13216090000,31948309287,
Happy Feet,2006,"Animation,Adventure,Comedy",6.4,108,77,186413,16434000000,31899896964,
Cars 3,2017,"Animation,Adventure,Comedy",6.7,102,59,100026,12690700000,31866244448,
Back to the Future,1985,"Adventure,Comedy,Sci-Fi",8.5,116,87,1190884,17480630000,31816951246,
Ice Age,2002,"Animation,Adventure,Comedy",7.5,81,61,481438,14640370000,31810342288,
Fifty Shades Darker,2017,"Drama,Romance,Thriller",4.5,118,33,103004,9493540000,31668305218,
Monsters vs. Aliens,2009,"Animation,Action,Adventure",6.4,94,56,162665,16463050000,31665319210,
Black Widow,2021,"Action,Adventure,Sci-Fi",6.7,134,67,371644,15242950000,31519387365,
Godzilla,1998,"Action,Sci-Fi,Thriller",5.4,139,32,194147,11313730000,31458186402,
True Lies,1994,"Action,Comedy,Thriller",7.3,141,63,258633,12141240000,31447240113,
Slumdog Millionaire,2008,"Crime,Drama,Romance",8,120,84,842587,11729560000,31408074986,
Taken 2,2012,"Action,Crime,Thriller",6.2,92,45,307350,11607550000,31220653765,
G.I. Joe: Retaliation,2013,"Action,Adventure,Sci-Fi",5.7,110,41,181977,10169160000,31186478515,
Mad Max: Fury Road,2015,"Action,Adventure,Sci-Fi",8.1,120,90,993196,12786980000,31183886010,
Spider-Man: Into the Spider-Verse,2018,"Animation,Action,Adventure",8.4,117,87,518339,15789920000,31169888973,
Shark Tale,2004,"Animation,Adventure,Comedy",6,90,48,183622,13351380000,31090461957,
Once Upon a Time... in Hollywood,2019,"Comedy,Drama",7.6,161,83,723753,11827500000,31088957582,
What Women Want,2000,"Comedy,Fantasy,Romance",6.4,127,47,208508,15173230000,31051271681,
The Adventures of Tintin,2011,"Animation,Action,Adventure",7.3,107,68,231379,6439970000,31041497933,
Batman Begins,2005,"Action,Crime,Drama",8.2,140,70,1457594,17168550000,31014858419,
Penguins of Madagascar,2014,"Animation,Adventure,Comedy",6.6,92,53,91354,6918050000,31001796543,
X-Men Origins: Wolverine,2009,"Action,Sci-Fi",6.5,107,40,504234,14930040000,30964217712,
The Golden Compass,2007,"Adventure,Family,Fantasy",6.1,113,51,188673,5819130000,30895493712,
Fifty Shades Freed,2018,"Drama,Romance,Thriller",4.5,105,31,66298,8334030000,30874756494,
Hitch,2005,"Comedy,Romance",6.6,118,58,317894,14898500000,30842319430,
Terminator Salvation,2009,"Action,Adventure,Sci-Fi",6.5,115,49,362224,10401560000,30822299083,
Captain America: The First Avenger,2011,"Action,Adventure,Sci-Fi",6.9,124,66,839422,14661950000,30757291242,
Edge of Tomorrow,2014,"Action,Adventure,Sci-Fi",7.9,113,71,673554,8317430000,30754924248,
There's Something About Mary,1998,"Comedy,Romance",7.1,119,69,311720,14647840000,30700426033,
Gone Girl,2014,"Drama,Mystery,Thriller",8.1,149,79,974122,13924910000,30654420129,
The Fugitive,1993,"Action,Crime,Drama",7.8,130,87,294813,15262040000,30616688080,
Jurassic Park III,2001,"Action,Adventure,Sci-Fi",5.9,92,42,322559,15037110000,30608807147,
My Big Fat Greek Wedding,2002,"Comedy,Drama,Romance",6.6,95,62,132928,20039520000,30605755652,
Xi hong shi shou fu,2018,Comedy,6.1,118,,2199,17001720000,30457838281,
Die Hard: With a Vengeance,1995,"Action,Adventure,Thriller",7.6,128,58,387025,8300830000,30386438278,
Shazam!,2019,"Action,Adventure,Comedy",7,132,71,331990,11650710000,30384644067,
The Nun,2018,"Horror,Mystery,Thriller",5.3,96,46,140749,9748350000,30343372151,
Alvin and the Chipmunks,2007,"Animation,Adventure,Comedy",5.2,92,39,86222,18038390000,30324261318,
Tenet,2020,"Action,Sci-Fi,Thriller",7.3,150,69,494126,4852180000,30319431465,
Notting Hill,1999,"Comedy,Drama,Romance",7.2,124,68,310305,9635470000,30202843274,
A Bug's Life,1998,"Animation,Adventure,Comedy",7.2,95,77,292638,13512400000,30150485297,
Night at the Museum: Secret of the Tomb,2014,"Adventure,Comedy,Family",6.2,98,47,122737,9441250000,30145984705,
Ocean's Twelve,2004,"Crime,Thriller",6.5,125,58,389868,10419820000,30107775240,
Planet of the Apes,2001,"Action,Adventure,Sci-Fi",5.7,119,50,220348,14940830000,30063574420,
The Hangover Part III,2013,"Comedy,Crime",5.8,100,30,314965,9312600000,30046005976,
The World Is Not Enough,1999,"Action,Adventure,Thriller",6.4,128,57,201317,10536020000,30032089200,
Zhuo yao ji 2,2018,"Adventure,Comedy,Fantasy",5.4,110,63,1777,58930000,30019657294,
Fast & Furious,2009,"Action,Crime,Thriller",6.5,107,46,287198,12869980000,29910450210,
Noah,2014,"Action,Adventure,Drama",5.8,138,68,255465,8399600000,29813603652,
The Karate Kid,2010,"Action,Drama,Family",6.2,140,61,183996,14656970000,29807459826,
Home Alone 2: Lost in New York,1992,"Adventure,Comedy,Crime",6.8,120,46,352040,14407970000,29796572550,
Hotel Transylvania,2012,"Animation,Adventure,Comedy",7,91,47,255194,12309730000,29745175049,
Minority Report,2002,"Action,Crime,Mystery",7.7,145,80,549888,10961810000,29744952858,
Kimi no na wa.,2016,"Animation,Drama,Fantasy",8.4,106,79,264127,416660000,29728949545,
Top Gun,1986,"Action,Drama",6.9,110,50,430656,14923400000,29654918774,
The Legend of Tarzan,2016,"Action,Adventure,Drama",6.2,110,44,177341,10511120000,29606129631,
American Beauty,1999,Drama,8.4,122,84,1148186,10798300000,29572617883,
Sen to Chihiro no kamikakushi,2001,"Animation,Adventure,Family",8.6,125,96,753968,834980000,29525191185,
Apollo 13,1995,"Adventure,Drama,History",7.7,140,77,294911,14428720000,29484748439,
Rain Man,1988,Drama,8,133,65,512762,14840400000,29450511105,
The Great Gatsby,2013,"Drama,Romance",7.2,143,55,541556,12021720000,29353767633,
Dumbo,2019,"Adventure,Family,Fantasy",6.3,112,51,76096,9525910000,29322623543,
"I, Robot",2004,"Action,Mystery,Sci-Fi",7.1,115,59,538880,12018400000,29310113534,
Basic Instinct,1992,"Drama,Mystery,Thriller",7,127,41,200383,9771590000,29292959592,
Murder on the Orient Express,2017,"Crime,Drama,Mystery",6.5,114,52,256936,8534890000,29281908723,
X: First Class,2011,"Action,Adventure,Sci-Fi",7.7,131,65,690853,12152030000,29267185270,
Angry Birds,2016,"Animation,Action,Adventure",6.3,97,43,93189,8923330000,29243716107,
GoldenEye,1995,"Action,Adventure,Thriller",7.2,130,65,257479,8847800000,29232104822,
Catch Me If You Can,2002,"Biography,Crime,Drama",8.1,141,75,969691,13663460000,29225487896,
Now You See Me,2013,"Crime,Mystery,Thriller",7.2,115,50,656647,9770760000,29193091087,
Hannibal,2001,"Crime,Drama,Thriller",6.8,131,57,275159,13702470000,29190458244,
The Mask,1994,"Action,Comedy,Crime",6.9,101,56,384946,9955020000,29181422781,
Peter Rabbit,2018,"Adventure,Comedy,Crime",6.6,95,51,43258,9565750000,29174173478,
Speed,1994,"Action,Adventure,Thriller",7.3,116,78,363407,10063750000,29087196035,
Dinosaur,2000,"Animation,Adventure,Drama",6.4,82,56,61274,11433250000,29035289495,
Mary Poppins Returns,2018,"Animation,Adventure,Comedy",6.7,130,66,88275,14272680000,29012329786,
Deep Impact,1998,"Action,Drama,Sci-Fi",6.2,120,40,179125,11658180000,29005567112,
The Lorax,2012,"Animation,Adventure,Comedy",6.4,86,46,113547,17764490000,28982215228,
The Maze Runner,2014,"Action,Mystery,Sci-Fi",6.8,113,57,465068,8501690000,28910548463,
The Smurfs 2,2013,"Animation,Adventure,Comedy",5.3,105,34,42457,5894660000,28846264880,
National Treasure,2004,"Action,Adventure,Mystery",6.9,131,39,332482,14359830000,28843522394,
Rush Hour 2,2001,"Action,Comedy,Crime",6.6,90,48,220002,18771280000,28828041566,
Trolls,2016,"Animation,Adventure,Comedy",6.4,92,55,82121,12757930000,28816179538,
xXx: Return of Xander Cage,2017,"Action,Adventure,Thriller",5.2,107,42,92468,3726700000,28727816991,
Pocahontas,1995,"Animation,Adventure,Drama",6.7,81,58,187513,11752800000,28724621159,
How the Grinch Stole Christmas,2000,"Comedy,Family,Fantasy",6.2,104,46,245026,21583320000,28703311656,
Star Trek Beyond,2016,"Action,Adventure,Sci-Fi",7,122,68,246473,13184550000,28508160728,
Alvin and the Chipmunks: Chipwrecked,2011,"Animation,Adventure,Comedy",4.3,87,24,35773,11048130000,28443721105,
Wanted,2008,"Action,Crime,Thriller",6.7,110,64,389301,11164330000,28424434229,
The Flintstones,1994,"Comedy,Family,Fantasy",4.9,91,38,81670,10832330000,28355390264,
A Quiet Place,2018,"Drama,Horror,Sci-Fi",7.5,90,82,522995,15605660000,28299096593,
Enchanted,2007,"Animation,Adventure,Comedy",7.1,107,75,199265,10608230000,28260490388,
Over the Hedge,2006,"Animation,Adventure,Comedy",6.7,83,67,175604,12866660000,28203058870,
300: Rise of an Empire,2014,"Action,Drama",6.2,102,48,301454,8846140000,28019144233,
Batman Forever,1995,"Action,Adventure",5.4,121,51,253427,15274490000,27935074114,
Prince of Persia: The Sands of Time,2010,"Action,Adventure,Fantasy",6.6,116,50,290140,7533080000,27918351108,
The Curious Case of Benjamin Button,2008,"Drama,Fantasy,Romance",7.8,166,70,647546,10583330000,27871631238,
Journey 2: The Mysterious Island,2012,"Action,Adventure,Comedy",5.7,94,41,104779,8620380000,27828883084,
The Rock,1996,"Action,Adventure,Thriller",7.4,136,58,338124,11127810000,27810197543,
The Great Wall,2016,"Action,Adventure,Fantasy",5.9,103,42,136347,3779820000,27799507973,
Now You See Me 2,2016,"Action,Adventure,Comedy",6.4,129,46,288770,5401640000,27796501298,
Xiu xiu de tie quan,2017,"Comedy,Fantasy,Sport",6.1,100,,1591,19008660000,27766062127,
Fantastic Four,2005,"Action,Adventure,Fantasy",5.7,106,40,330331,12840100000,27683482522,
Indiana Jones and the Temple of Doom,1984,"Action,Adventure",7.5,118,57,486281,14929210000,27647903493,
Tomorrow Never Dies,1997,"Action,Adventure,Thriller",6.5,119,52,195105,10402390000,27639918644,
Back to the Future Part II,1989,"Adventure,Comedy,Sci-Fi",7.8,108,57,529620,9835500000,27597500166,
The Good Dinosaur,2015,"Animation,Adventure,Comedy",6.7,93,66,116115,10216470000,27573236693,
Free Guy,2021,"Action,Adventure,Comedy",7.1,115,62,362859,10095290000,27516707634,
22 Jump Street,2014,"Action,Comedy,Crime",7,112,71,376664,15912760000,27500711708,
Meet the Parents,2000,"Comedy,Romance",7,108,73,335066,13797920000,27426855735,
Who Framed Roger Rabbit,1988,"Animation,Adventure,Comedy",7.7,104,83,201427,12985350000,27373728514,
Black Swan,2010,"Drama,Thriller",8,108,79,761933,8876850000,27340037818,
The Perfect Storm,2000,"Action,Adventure,Drama",6.4,130,59,168607,15157460000,27283630022,
Crocodile Dundee,1986,"Action,Adventure,Comedy",6.6,97,62,105852,14495120000,27240890998,
Feng kuang de wai xing ren,2019,"Comedy,Sci-Fi",5.8,116,,1348,24063360000,27190707953,
Se7en,1995,"Crime,Drama,Mystery",8.6,127,65,1632302,8310790000,27168685397,
John Wick: Chapter 3 - Parabellum,2019,"Action,Crime,Thriller",7.4,130,73,339342,14194660000,27164387657,
The Devil Wears Prada,2006,"Comedy,Drama",6.9,109,62,418066,10353420000,27116607545,
Taken 3,2014,"Action,Crime,Thriller",6,108,26,193097,7408580000,27097768703,
The Hunchback of Notre Dame,1996,"Animation,Drama,Family",7,91,74,157987,8311620000,27003124633,
A Christmas Carol,2009,"Animation,Adventure,Comedy",6.8,96,55,115451,11442380000,26998791618,
The SpongeBob Movie: Sponge Out of Water,2015,"Animation,Adventure,Comedy",6,92,62,55845,13528170000,26990440656,
Schindler's List,1993,"Biography,Drama,History",9,195,94,1343317,8042700000,26739383335,
Megamind,2010,"Animation,Action,Comedy",7.3,95,63,260991,12318860000,26716518495,
The Conjuring 2,2016,"Horror,Mystery,Thriller",7.3,134,65,269246,8505010000,26712251133,
Green Book,2018,"Biography,Comedy,Drama",8.2,130,69,483838,7061640000,26705470448,
Lethal Weapon 3,1992,"Action,Crime,Thriller",6.7,118,40,168977,12012590000,26703716741,
Robin Hood,2010,"Action,Adventure,Drama",6.6,140,53,269547,8737410000,26698588503,
Inglourious Basterds,2009,"Adventure,Drama,War",8.3,153,69,1431553,10004820000,26680993001,
101 Dalmatians,1996,"Adventure,Comedy,Crime",5.7,103,49,111625,11303770000,26617211402,
The Conjuring,2013,"Horror,Mystery,Thriller",7.5,112,68,504495,11404200000,26593718086,
Fatal Attraction,1987,"Drama,Thriller",6.9,119,67,87159,13001950000,26572092519,
Sonic the Hedgehog,2020,"Action,Adventure,Comedy",6.5,99,47,138657,12364510000,26536401689,
The Last Airbender,2010,"Action,Adventure,Family",4,103,20,164006,10919480000,26536252123,
The Proposal,2009,"Comedy,Drama,Romance",6.7,108,48,327779,13608680000,26342127573,
A Beautiful Mind,2001,"Biography,Drama",8.2,135,72,927229,14171420000,26293674331,
Beverly Hills Cop,1984,"Action,Comedy,Crime",7.3,105,66,184195,19485080000,26257919674,
The Polar Express,2004,"Animation,Adventure,Comedy",6.6,100,61,206563,15219710000,26165730744,
Air Force One,1997,"Action,Drama,Thriller",6.5,124,61,196674,14355680000,26157981947,
The Expendables 2,2012,"Action,Adventure,Thriller",6.6,103,51,307649,7056660000,26143004265,
Chicken Little,2005,"Animation,Adventure,Comedy",5.7,81,48,93304,11237370000,26097925471,
As Good as It Gets,1997,"Comedy,Drama,Romance",7.7,139,67,298604,12323840000,26076774913,
Maze Runner: The Scorch Trials,2015,"Action,Adventure,Sci-Fi",6.3,131,43,250276,6781100000,25920572648,
Resident Evil: The Final Chapter,2016,"Action,Horror,Sci-Fi",5.5,107,49,94579,2226890000,25916137958,
The Lego Batman Movie,2017,"Animation,Action,Adventure",7.3,104,75,151600,14587250000,25907343693,
Austin Powers: The Spy Who Shagged Me,1999,"Action,Adventure,Comedy",6.6,95,59,234000,17101320000,25897405024,
Knives Out,2019,"Comedy,Crime,Drama",7.9,130,82,615567,13724880000,25863263223,
Ocean's Thirteen,2007,"Crime,Thriller",6.9,122,62,346822,9723450000,25838947792,
Little Fockers,2010,"Comedy,Romance",5.5,98,27,113255,12315540000,25783998555,
Bolt,2008,"Animation,Adventure,Comedy",6.8,96,67,211167,9466150000,25728339502,
Ransom,1996,"Action,Crime,Thriller",6.7,121,60,128875,11328670000,25687892523,
Runaway Bride,1999,"Comedy,Romance",5.6,116,39,99145,12637580000,25685204236,
The Blind Side,2009,"Biography,Drama,Sport",7.6,129,53,331405,21244680000,25666230602,
Qian ren 3: Zai jian qian ren,2017,"Comedy,Romance",5.6,120,,503,69720000,25530171441,
The Fault in Our Stars,2014,"Drama,Romance",7.7,126,69,376156,10364210000,25494847222,
The Pursuit of Happyness,2006,"Biography,Drama",8,117,64,508647,13576310000,25491592875,
Rise of the Guardians,2012,"Animation,Action,Adventure",7.2,97,58,175301,8583030000,25476158610,
Close Encounters of the Third Kind,1977,"Drama,Sci-Fi",7.6,138,90,202076,10963470000,25471796462,
Chicago,2002,"Comedy,Crime,Musical",7.2,113,81,230581,14167270000,25462468756,
Annabelle: Creation,2017,"Horror,Mystery,Thriller",6.5,109,62,134439,8473470000,25440818372,
Wonder,2017,"Drama,Family",7.9,113,66,164180,10990860000,25415370987,
Skyscraper,2018,"Action,Adventure,Thriller",5.8,102,51,122609,5678860000,25304123763,
A Good Day to Die Hard,2013,"Action,Thriller",5.2,98,28,207598,5590050000,25286297106,
Mulan,1998,"Animation,Adventure,Comedy",7.6,88,71,287151,10011460000,25258581082,
Dangal,2016,"Action,Biography,Drama",8.3,161,,190074,1028370000,25209061788,
Passengers,2016,"Drama,Romance,Sci-Fi",7,116,41,403041,8300830000,25160964616,
Battleship,2012,"Action,Adventure,Sci-Fi",5.8,131,41,248603,5429860000,25151115255,
Liar Liar,1997,"Comedy,Fantasy",6.9,86,70,308906,15057030000,25124981045,
G.I. Joe: The Rise of Cobra,2009,"Action,Adventure,Sci-Fi",5.7,118,32,209106,12638410000,25104928411,
Wrath of the Titans,2012,"Action,Adventure,Fantasy",5.7,99,37,189683,6944610000,25063516889,
4: Rise of the Silver Surfer,2007,"Action,Adventure,Fantasy",5.6,92,45,266221,10949360000,25058789873,
Hook,1991,"Adventure,Comedy,Family",6.8,142,52,254358,9930950000,24970950309,
Superman,1978,"Action,Adventure,Sci-Fi",7.4,143,81,175192,11140260000,24939711267,
Rocky IV,1985,"Drama,Sport",6.8,91,40,205435,10613210000,24939318428,
Rambo: First Blood Part II,1985,"Action,Adventure,Thriller",6.5,96,47,169431,12484860000,24933235856,
Resident Evil: Afterlife,2010,"Action,Horror,Sci-Fi",5.8,96,37,172283,4990790000,24918930972,
Van Helsing,2004,"Action,Adventure,Fantasy",6,131,35,266768,9974940000,24913083954,
Stuart Little,1999,"Adventure,Comedy,Family",6,84,61,135978,11623320000,24911235461,
Beverly Hills Cop II,1987,"Action,Comedy,Crime",6.5,100,48,120332,12754610000,24897097988,
Alice Through the Looking Glass,2016,"Adventure,Family,Fantasy",6.2,113,34,109186,6394320000,24885126234,
My Best Friend's Wedding,1997,"Comedy,Drama,Romance",6.3,105,50,143189,10550960000,24840954215,
Real Steel,2011,"Action,Drama,Sci-Fi",7,127,56,328702,7094010000,24839286164,
Horton Hears a Who!,2008,"Animation,Adventure,Comedy",6.8,86,71,141085,12825990000,24781542317,
Ocean's Eight,2018,"Action,Comedy,Crime",6.3,110,61,218534,11638260000,24717045258,
A Quiet Place Part II,2020,"Drama,Horror,Sci-Fi",7.2,97,71,223480,13285810000,24681897663,
Insurgent,2015,"Action,Adventure,Sci-Fi",6.2,119,42,238065,10804940000,24651209741,
Look Who's Talking,1989,Comedy,5.9,93,51,82968,11627470000,24650984479,
Austin Powers in Goldmember,2002,"Action,Adventure,Comedy",6.2,94,62,210682,17704730000,24645920483,
Ghostbusters,1984,"Action,Comedy,Fantasy",7.8,105,71,412928,19806290000,24616040151,
Miss Peregrine's Home for Peculiar Children,2016,"Adventure,Drama,Family",6.7,127,57,172848,7240920000,24608043018,
X-Men,2000,"Action,Adventure,Sci-Fi",7.3,104,64,614160,13055900000,24596180824,
Ferdinand,2017,"Animation,Adventure,Comedy",6.7,108,58,57639,7006030000,24573743517,
Shutter Island,2010,"Mystery,Thriller",8.2,138,63,1296006,10624830000,24468872851,
Doctor Dolittle,1998,"Comedy,Family,Fantasy",5.4,85,46,97557,11965280000,24439898215,
Bee Movie,2007,"Animation,Adventure,Comedy",6.1,91,54,162611,10510290000,24361689888,
Salt,2010,"Action,Thriller",6.4,100,65,314928,9819730000,24360778382,
G-Force,2009,"Animation,Action,Adventure",5.1,88,41,46938,9913520000,24303885534,
The Departed,2006,"Crime,Drama,Thriller",8.5,151,85,1313456,10987540000,24192877516,
What Lies Beneath,2000,"Drama,Horror,Mystery",6.6,130,51,127055,12903180000,24187889133,
Pacific Rim: Uprising,2018,"Action,Adventure,Fantasy",5.6,111,44,117714,4969210000,24147202284,
The Bourne Supremacy,2004,"Action,Mystery,Thriller",7.7,108,73,463217,14627920000,24139327327,
Sex and the City 2,2010,"Comedy,Drama,Romance",4.5,146,27,80235,7914050000,24131839565,
Shakespeare in Love,1998,"Comedy,Drama,History",7.1,123,87,225403,8326560000,24013376902,
Divergent,2014,"Action,Adventure,Mystery",6.6,139,48,459513,12528850000,23977522894,
Coming to America,1988,"Comedy,Romance",7.1,117,47,208012,10636450000,23966440983,
Wedding Crashers,2005,"Comedy,Romance",7,119,64,355945,17365260000,23944266205,
Bridesmaids,2011,"Comedy,Romance",6.8,125,75,292230,14036130000,23935832409,
Maze Runner: The Death Cure,2018,"Action,Adventure,Sci-Fi",6.2,143,50,139779,4816490000,23918552805,
Casper,1995,"Comedy,Family,Fantasy",6.1,100,49,134656,8327390000,23898040102,
American Pie 2,2001,Comedy,6.4,108,43,256365,12043300000,23866948385,
Pitch Perfect 2,2015,"Comedy,Music",6.4,115,63,157663,15296900000,23832958557,
The Green Mile,1999,"Crime,Drama,Fantasy",8.6,189,61,1287659,11354400000,23804514042,
Oblivion,2013,"Action,Adventure,Sci-Fi",7,124,54,523275,7388660000,23751991476,
Elysium,2013,"Action,Drama,Sci-Fi",6.6,109,61,447585,7723150000,23749678100,
Lethal Weapon 4,1998,"Action,Crime,Thriller",6.6,127,37,163828,10826520000,23691902049,
John Carter,2012,"Action,Adventure,Sci-Fi",6.6,132,51,273135,6065640000,23583545300,
Turbo,2013,"Animation,Adventure,Comedy",6.4,96,58,98006,6891490000,23453366606,
Paddington,2014,"Adventure,Comedy,Family",7.3,95,77,116693,6330410000,23437347689,
Bridget Jones's Diary,2001,"Comedy,Drama,Romance",6.7,97,66,244375,5937820000,23405635630,
Elvis,2022,"Biography,Drama,Music",7.5,159,64,133587,58930000,23327150000,
The Tourist,2010,"Action,Thriller",6,103,37,243761,5613290000,23138776603,
Split,X2016,"Horror,Thriller",7.3,117,62,492904,11478070000,23111716611,
Scary Movie,2000,Comedy,6.2,88,48,261175,13032660000,23075640993,
xXx,2002,"Action,Adventure,Thriller",5.8,124,48,180412,11795130000,23028215706,
The Bourne Legacy,2012,"Action,Adventure,Thriller",6.6,135,61,302627,9395600000,22920014250,
Mr. Peabody & Sherman,2014,"Animation,Adventure,Comedy",6.8,92,59,70857,9255330000,22882937237,
Scooby-Doo,2002,"Adventure,Comedy,Family",5.2,89,35,113526,12723070000,22881324879,
Lincoln,2012,"Biography,Drama,History",7.3,150,86,260834,15123430000,22849356350,
Lara Croft: Tomb Raider,2001,"Action,Adventure,Fantasy",5.7,100,33,209775,10884620000,22800377220,
Tomb Raider,2018,"Action,Adventure,Fantasy",6.3,119,48,214377,4834750000,22796016649,
The Expendables,2010,"Action,Adventure,Thriller",6.4,103,45,345745,8554810000,22781042702,
Cloudy with a Chance of Meatballs 2,2013,"Animation,Adventure,Comedy",6.3,95,59,103707,9942570000,22769053767,
The Nutty Professor,1996,"Comedy,Romance,Sci-Fi",5.7,95,62,117590,10691230000,22738764577,
Jerry Maguire,1996,"Comedy,Drama,Romance",7.3,139,77,266680,12777850000,22704865136,
Bad Boys II,2003,"Action,Comedy,Crime",6.6,147,38,251049,11504630000,22687183148,
Lilo & Stitch,2002,"Animation,Adventure,Comedy",7.3,85,73,190832,12100570000,22670964533,
The Silence of the Lambs,1991,"Crime,Drama,Thriller",8.6,118,85,1417393,10851420000,22637662526,
Grown Ups,2010,Comedy,5.9,102,30,252573,13446000000,22530955983,
Neighbors,2014,Comedy,6.3,97,68,310752,12463280000,22465206122,
The Firm,1993,"Drama,Mystery,Thriller",6.8,154,58,135417,13143050000,22430614461,
We're the Millers,2013,"Comedy,Crime",7,110,44,448471,12482370000,22409511877,
Gran Torino,2008,Drama,8.1,116,72,772591,12292300000,22406532924,
"10,000 BC",2008,"Action,Adventure,Drama",5.1,109,34,131624,7866740000,22392088683,
American Gangster,2007,"Biography,Crime,Drama",7.8,157,76,425928,10803280000,22389700690,
Epic,2013,"Animation,Action,Adventure",6.6,102,52,105754,8924160000,22279410622,
Exodus: Gods and Kings,2014,"Action,Adventure,Drama",6,150,52,169312,5395830000,22258577373,
Bambi,1942,"Animation,Adventure,Drama",7.3,69,91,143403,8532400000,22198113450,
The Princess and the Frog,2009,"Animation,Adventure,Comedy",7.1,97,73,145087,8665200000,22164798495,
Batman Returns,1992,"Action,Crime,Fantasy",7.1,126,68,304870,13514890000,22153968821,
Indecent Proposal,1993,"Drama,Romance",6,117,35,71950,8848630000,22128966897,
Something's Gotta Give,2003,"Comedy,Drama,Romance",6.7,128,66,122541,10352590000,22022285254,
Bridget Jones: The Edge of Reason,2004,"Comedy,Drama,Romance",6,108,44,114485,3339090000,22005534194,
The Incredible Hulk,2008,"Action,Adventure,Sci-Fi",6.6,112,61,490726,11165160000,21975992668,
Waterworld,1995,"Action,Adventure,Sci-Fi",6.2,135,56,196867,7324750000,21930112260,
The Truman Show,1998,"Comedy,Drama",8.2,103,90,1067682,10426460000,21921810683,
Charlie's Angels,2000,"Action,Adventure,Comedy",5.6,98,52,187745,10400730000,21920760235,
The Fifth Element,1997,"Action,Adventure,Sci-Fi",7.6,126,52,472447,5273820000,21905374940,
Gisaengchung,2019,"Drama,Thriller",8.5,132,96,783071,4429710000,21844524154,
Jumanji,1995,"Adventure,Comedy,Family",7,104,39,344655,8339840000,21814221020,
Borat: Cultural Learnings of America for Make Benefit Glorious Nation of Kazakhstan,2006,Comedy,7.3,84,89,408397,10666330000,21791890119,
Robots,2005,"Animation,Adventure,Comedy",6.4,91,64,147947,10640600000,21788453670,
Knight and Day,2010,"Action,Adventure,Comedy",6.3,109,46,196876,6342860000,21745150827,
Total Recall,1990,"Action,Adventure,Sci-Fi",7.5,113,57,330462,9909370000,21689387443,
This Is It,2009,"Documentary,Drama,Music",7.2,111,67,40625,5983470000,21678237804,
Terminator: Dark Fate,2019,"Action,Adventure,Sci-Fi",6.2,128,54,177281,5166750000,21672901236,
The Lone Ranger,2013,"Action,Adventure,Western",6.4,150,37,235219,7411900000,21621675545,
Super 8,2011,"Action,Mystery,Sci-Fi",7,112,72,354633,10541000000,21587966838,
Xun long jue,2015,"Action,Adventure,Drama",5.9,127,48,3992,102920000,21527581184,
Blade Runner 2049,2017,"Action,Drama,Mystery",8,164,81,563289,7640150000,21526221312,
Charlie's Angels: Full Throttle,2003,"Action,Adventure,Comedy",4.9,106,48,128314,8368890000,21511590404,
Rush Hour 3,2007,"Action,Comedy,Crime",6.2,91,44,168713,11630790000,21422061126,
The Full Monty,1997,"Comedy,Drama",7.2,91,75,106869,3813850000,21408907867,
Gong fu yu jia,2017,"Action,Adventure,Comedy",5.1,107,50,10441,29880000,21393572787,
Annabelle,2014,"Horror,Mystery,Thriller",5.4,99,37,159474,6994410000,21379946843,
Encanto,2021,"Animation,Comedy,Family",7.2,102,75,215996,7975470000,21307640480,
The Village,2004,"Drama,Mystery,Thriller",6.6,108,44,261770,9478600000,21305894160,
Gang jiong,2015,"Action,Adventure,Comedy",5.4,114,,1708,107900000,21271564696,
Erin Brockovich,2000,"Biography,Drama",7.4,131,73,198063,10424800000,21270516738,
Fei chi ren sheng,2019,"Comedy,Sport",6.3,98,,1879,13032660000,21236638296,
Get Out,2017,"Horror,Mystery,Thriller",7.7,104,,598580,14611320000,21226848031,
Marley & Me,2008,"Comedy,Drama,Family",7,111,53,158913,11881450000,21226676719,
Halloween,2018,"Crime,Horror,Thriller",6.5,106,67,151270,13225220000,21216040103,
Us,2019,"Horror,Mystery,Thriller",6.8,116,81,294642,14531640000,21183999862,
Cliffhanger,1993,"Action,Adventure,Thriller",6.5,113,60,130555,6976150000,21165017513,
Baahubali 2: The Conclusion,2017,"Action,Drama",8.2,167,,100479,1675770000,21095146370,
Babe,1995,"Comedy,Drama,Family",6.9,91,83,125993,5527800000,21093197530,
Men in Black: International,2019,"Action,Adventure,Comedy",5.6,114,38,134497,6640000000,21072928183,
Wild Hogs,2007,"Action,Adventure,Comedy",5.8,100,27,119295,13966410000,21050910441,
High School Musical 3: Senior Year,2008,"Comedy,Drama,Family",4.9,112,57,63173,7516480000,20991461691,
Hercules,1997,"Animation,Adventure,Comedy",7.3,93,74,231152,8221150000,20975104383,
Dark Phoenix,2019,"Action,Adventure,Sci-Fi",5.7,113,43,186645,5465550000,20952766842,
True Grit,2010,"Drama,Western",7.6,110,80,338844,14212920000,20938984941,
Dolittle,2020,"Adventure,Comedy,Family",5.6,101,26,64710,6395150000,20867082373,
Bean,1997,"Adventure,Comedy,Family",6.5,89,52,105606,3761560000,20850651610,
American Hustle,2013,"Crime,Drama",7.2,138,90,478163,12459960000,20847259981,
Enemy of the State,1998,"Action,Thriller",7.3,132,67,244745,9258650000,20820532487,
You've Got Mail,1998,"Comedy,Drama,Romance",6.7,119,57,214320,9613060000,20818184085,
Eragon,2006,"Action,Adventure,Family",5.1,104,38,126892,6227490000,20785317496,
Brother Bear,2003,"Animation,Adventure,Comedy",6.8,85,48,111233,7083220000,20783017234,
The Godfather,1972,"Crime,Drama",9.2,175,100,1837508,11202510000,20778370728,
The Mask of Zorro,1998,"Action,Adventure,Comedy",6.8,136,63,184739,7810300000,20773947409,
The Ring,2002,"Horror,Mystery",7.1,115,57,349196,10717790000,20695961439,
The Blair Witch Project,1999,"Horror,Mystery",6.5,81,81,260578,11664820000,20637045217,
Unbreakable,2000,"Drama,Mystery,Sci-Fi",7.3,106,62,417360,7885830000,20593804043,
Journey to the West: Demon Chapter,2017,"Adventure,Comedy,Family",5.4,109,59,3223,73040000,20549575252,
Dumb and Dumber,1994,Comedy,7.3,107,41,384683,10555940000,20525097141,
Glass,2019,"Drama,Horror,Sci-Fi",6.6,129,43,242398,9217150000,20500920237,
Grown Ups 2,2013,Comedy,5.3,101,19,155190,11094610000,20499695074,
The Peanuts Movie,2015,"Animation,Adventure,Comedy",7,88,67,46367,10804940000,20437348379,
Rango,2011,"Animation,Action,Adventure",7.2,107,75,265169,10248840000,20395142049,
The Bad Guys,2022,"Animation,Adventure,Comedy",6.8,100,64,34976,7450080000,20394215520,
Four Weddings and a Funeral,1994,"Comedy,Drama,Romance",7.1,117,81,153235,4374100000,20393169056,
Face/Off,1997,"Action,Crime,Sci-Fi",7.3,138,82,377112,9315090000,20391120118,
Teenage Mutant Ninja Turtles: Out of the Shadows,2016,"Action,Adventure,Comedy",5.9,112,40,93519,6810150000,20386779384,
Dark Shadows,2012,"Comedy,Fantasy,Horror",6.2,113,55,267793,6617590000,20378753367,
Hulk,2003,"Action,Sci-Fi",5.6,138,54,268427,10970940000,20358668695,
Love Actually,2003,"Comedy,Drama,Romance",7.6,135,55,479093,4955100000,20351862861,
Lie huo ying xiong,2019,"Action,Drama,Family",5.7,118,,996,24070000,20349903646,
Bienvenue chez les Ch'tis,2008,"Comedy,Romance",7.1,106,,42377,122840000,20346986611,
Back to the Future Part III,1990,"Adventure,Comedy,Sci-Fi",7.4,118,55,444848,7281590000,20341439389,
Pixels,2015,"Action,Comedy,Fantasy",5.6,105,27,145080,6536250000,20324609147,
Hercules,2014,"Action,Adventure,Fantasy",6,98,47,156568,6033270000,20320048546,
Rush Hour,1998,"Action,Comedy,Crime",7,98,60,268029,11715450000,20311848312,
Journey to the Center of the Earth,2008,"Action,Adventure,Family",5.8,93,57,123377,8441100000,20271313104,
After Earth,2013,"Action,Adventure,Sci-Fi",4.8,100,33,201604,5023160000,20219794506,
A Few Good Men,1992,"Drama,Thriller",7.7,138,62,264137,11731220000,20188934774,
Cloudy with a Chance of Meatballs,2009,"Animation,Adventure,Comedy",6.9,90,66,232801,10364210000,20169508458,
8 Mile,2002,"Drama,Music",7.2,110,77,288870,9687760000,20158631474,
Daddy's Home,2015,"Comedy,Family",6.1,96,42,120075,12479880000,20151249371,
RoboCop,2014,"Action,Crime,Sci-Fi",6.2,117,52,228750,4864630000,20143184095,
Eraser,1996,"Action,Crime,Thriller",6.2,115,56,112248,8407900000,20110531646,
Alien: Covenant,2017,"Horror,Sci-Fi,Thriller",6.4,122,65,281193,6163580000,19994016329,
Sully,2016,"Biography,Drama",7.4,96,74,271982,10380810000,19986202709,
Assassin's Creed,2016,"Action,Adventure,Sci-Fi",5.6,115,36,199443,4535950000,19977922048,
Click,2006,"Comedy,Drama,Fantasy",6.4,107,45,331476,11400880000,19976882058,
Jiang Ziya,2020,"Animation,Action,Adventure",6.5,110,,1870,17430000,19975041367,
Resident Evil: Retribution,2012,"Action,Horror,Sci-Fi",5.3,95,39,143230,3515050000,19933218165,
Die Hard 2,1990,"Action,Thriller",7.1,124,67,361348,9755820000,19922595742,
Crocodile Dundee II,1988,"Action,Adventure,Comedy",5.7,108,41,57738,9072730000,19887315430,
Planes,2013,"Animation,Adventure,Comedy",5.7,91,39,45618,7494070000,19858473096,
Crazy Rich Asians,2018,"Comedy,Drama,Romance",6.9,120,74,172141,14485990000,19824029507,
Batman & Robin,1997,"Action,Sci-Fi",3.7,125,28,253905,8908390000,19773564677,
Gulliver's Travels,2010,"Adventure,Comedy,Family",4.9,85,33,70008,3550740000,19702766092,
Gone in Sixty Seconds,2000,"Action,Crime,Thriller",6.5,118,35,279039,8436950000,19687790817,
Saturday Night Fever,1977,"Drama,Music",6.8,118,77,80515,7819430000,19680394272,
Silver Linings Playbook,2012,"Comedy,Drama,Romance",7.7,122,81,707140,10963470000,19622233599,
2 Fast 2 Furious,2003,"Action,Adventure,Crime",5.9,107,38,274150,10553450000,19617104863,
Hauru no ugoku shiro,2004,"Animation,Adventure,Family",8.2,119,80,391972,390930000,19614858883,
Hidden Figures,2016,"Biography,Drama,History",7.8,127,74,228994,14077630000,19584422534,
A.I. Artificial Intelligence,2001,"Drama,Sci-Fi",7.2,146,65,307919,6525460000,19581903816,
Dead Poets Society,1989,"Comedy,Drama",8.1,128,79,486476,7956380000,19576389628,
Spy,2015,"Action,Comedy",7,120,75,245477,9198890000,19560296177,
American Pie,1999,Comedy,7,95,58,406463,8512480000,19545089332,
American Reunion,2012,Comedy,6.7,113,49,214905,4731830000,19504135472,
Big Daddy,1999,"Comedy,Drama",6.4,93,41,217887,13568840000,19488557285,
Alvin and the Chipmunks: The Road Chip,2015,"Animation,Adventure,Comedy",4.9,92,33,19973,7128870000,19488286788,
The Imitation Game,2014,"Biography,Drama,Thriller",8,114,71,764115,7563790000,19385123764,
Cruella,2021,"Adventure,Comedy,Crime",7.3,134,59,231138,7146300000,19380768422,
The Day the Earth Stood Still,2008,"Adventure,Drama,Sci-Fi",5.5,104,40,171254,6587710000,19346790297,
American Wedding,2003,Comedy,6.3,96,43,206883,8679310000,19316003605,
The Girl with the Dragon Tattoo,2011,"Crime,Drama,Mystery",7.8,158,71,462302,8509160000,19307246690,
Juno,2007,"Comedy,Drama",7.5,96,81,521898,11910500000,19286932523,
Argo,2012,"Biography,Drama,Thriller",7.7,120,86,613402,11290490000,19283016749,
Mr. Bean's Holiday,2007,"Comedy,Family",6.4,90,56,126641,2763900000,19274750364,
The English Patient,1996,"Drama,Romance,War",7.4,162,87,190524,6527950000,19254043275,
Sister Act,1992,"Comedy,Family,Music",6.5,100,51,99469,11587630000,19223227450,
Annabelle Comes Home,2019,"Horror,Mystery,Thriller",5.9,106,53,75656,6154450000,19193965053,
Constantine,2005,"Action,Fantasy,Horror",7,121,50,345895,6306340000,19163432424,
Get Smart,2008,"Action,Adventure,Comedy",6.5,110,54,218695,10816560000,19146892599,
Space Jam,1996,"Animation,Adventure,Comedy",6.5,88,59,197989,7508180000,19139381846,
La vita ?bella,1997,"Comedy,Drama,Romance",8.6,116,59,689557,4780800000,19098196499,
The Heat,2013,"Action,Comedy,Crime",6.6,117,60,172940,13245140000,19084253993,
Ghostbusters,2016,"Action,Comedy,Fantasy",6.9,117,60,231550,10652220000,19019243247,
Ghost Rider,2007,"Action,Fantasy,Thriller",5.2,110,35,239770,9611400000,18985286619,
Xia Luo te fan nao,2015,Comedy,6.7,104,,2976,107070000,18934203024,
Paddington 2,2017,"Adventure,Comedy,Family",7.8,103,88,78529,3356520000,18923567736,
Sleepless in Seattle,1993,"Comedy,Drama,Romance",6.8,105,72,176528,10501990000,18917954695,
Lethal Weapon 2,1989,"Action,Crime,Thriller",7.2,114,70,176663,12221750000,18911880838,
The Green Hornet,2011,"Action,Comedy,Crime",5.8,119,39,160903,8198740000,18908831584,
Out of Africa,1985,"Biography,Drama,Romance",7.1,161,69,80266,7229300000,18883679015,
Fang hua,2017,"Drama,Romance,War",7,135,69,3159,156870000,18848577070,
Baby Driver,2017,"Action,Crime,Drama",7.6,113,86,531492,8949890000,18836442221,
Immortals,2011,"Action,Drama,Fantasy",6,110,46,169079,6930500000,18833033411,
Taken,2008,"Action,Crime,Thriller",7.8,90,51,601606,12035000000,18827534080,
Percy Jackson & the Olympians: The Lightning Thief,2010,"Adventure,Family,Fantasy",5.8,118,47,189434,7367080000,18799268347,
Hansel & Gretel: Witch Hunters,2013,"Action,Fantasy,Horror",6.1,88,23,207038,4623100000,18787029167,
Lightyear,2022,"Animation,Action,Adventure",6,100,60,97542,28220000,18768014614,
Valerian and the City of a Thousand Planets,2017,"Action,Adventure,Fantasy",6.4,136,51,181635,3418770000,18755787220,
Good Will Hunting,1997,"Drama,Romance",8.3,126,70,958499,11489690000,18752475105,
Shaonian de ni,2019,"Crime,Drama,Romance",7.5,135,83,9790,10011460000,18751260234,
Ford v Ferrari,2019,"Action,Biography,Drama",8.1,152,81,386696,9762460000,18717181430,
Jumper,2008,"Action,Adventure,Sci-Fi",6.1,88,35,307280,6654110000,18685965379,
Elf,2003,"Adventure,Comedy,Family",7,97,64,265528,14392200000,18683087271,
The Social Network,2010,"Biography,Drama",7.8,120,95,698176,8047680000,18668391125,
Chicken Run,2000,"Animation,Adventure,Comedy",7.1,84,88,192451,8866890000,18664609313,
Con Air,1997,"Action,Crime,Thriller",6.9,115,52,299733,8392960000,18593015422,
Interview with the Vampire: The Vampire Chronicles,1994,"Drama,Fantasy,Horror",7.5,123,59,322719,8736580000,18564162464,
Flightplan,2005,"Drama,Mystery,Thriller",6.3,98,53,163219,7445930000,18541145817,
Yes Man,2008,"Comedy,Romance",6.8,104,46,362007,8108270000,18529055871,
Non-Stop,2014,"Action,Mystery,Thriller",6.9,106,56,264924,7650110000,18493196800,
"Honey, I Shrunk the Kids",1989,"Adventure,Comedy,Family",6.4,93,63,155254,10849760000,18486106276,
Fahrenheit 9/11,2004,"Documentary,Drama,War",7.5,122,67,129811,9892770000,18463091206,
Wild Wild West,1999,"Action,Comedy,Sci-Fi",4.9,106,38,161503,9446230000,18434688523,
Wo he wo de fu bei,2021,Drama,6.1,157,,396,14940000,18411980138,
Geostorm,2017,"Action,Sci-Fi,Thriller",5.3,109,21,108381,2797100000,18392813280,
Presumed Innocent,1990,"Mystery,Thriller",6.9,127,72,42551,7162900000,18368164604,
Jungle Cruise,2021,"Action,Adventure,Comedy",6.6,127,50,186684,9710170000,18333824018,
Scary Movie 3,2003,Comedy,5.5,84,49,148137,9130000000,18315877011,
Collateral,2004,"Action,Crime,Drama",7.5,120,71,403122,8383830000,18279913775,
Inferno,2016,"Action,Adventure,Crime",6.2,121,42,176211,2850220000,18261764497,
Knocked Up,2007,"Comedy,Romance",6.9,129,85,370021,12344590000,18253560611,
Green Lantern,2011,"Action,Adventure,Sci-Fi",5.5,114,39,285243,9677800000,18247647276,
What Happens in Vegas,2008,"Comedy,Romance",6.1,99,36,177583,6663240000,18208171646,
It's Complicated,2009,"Comedy,Drama,Romance",6.5,121,57,93187,9357420000,18185603365,
The Terminal,2004,"Comedy,Drama,Romance",7.4,128,55,457518,6463210000,18185306972,
Captain Phillips,2013,"Action,Biography,Crime",7.8,134,82,458764,8889300000,18159720313,
The Prince of Egypt,1998,"Animation,Adventure,Drama",7.1,99,64,132633,8401260000,18144894604,
Jack Reacher,2012,"Action,Mystery,Thriller",7,130,50,341527,6645810000,18122269385,
Kingdom of Heaven,2005,"Action,Adventure,Drama",7.2,144,63,288615,3934200000,18104178041,
The Emoji Movie,2017,"Animation,Adventure,Comedy",3.3,86,12,64680,7145470000,18075461618,
Zhe ge sha shou bu tai leng jing,2022,Comedy,6.1,109,,513,6918050000,18032132132,
Dracula Untold,2014,"Action,Drama,Fantasy",6.2,92,40,195378,4671240000,18021315240,
Central Intelligence,2016,"Action,Comedy,Crime",6.3,107,52,190383,10577520000,18008721069,
Million Dollar Baby,2004,"Drama,Sport",8.1,132,86,684956,8340670000,17991382618,
The Help,2011,Drama,8.1,146,62,457691,14085930000,17981046296,
Twins,1988,"Comedy,Crime",6.1,107,53,125275,9291020000,17978994204,
Little Women,2019,"Drama,Romance",7.8,135,91,201976,8972300000,17977900762,
Valentine's Day,2010,"Comedy,Romance",5.7,125,34,120271,9170670000,17971867824,
Bad Teacher,2011,"Comedy,Romance",5.6,92,47,203732,8324070000,17944391836,
Song ni yi duo xiao hong hua,2020,"Drama,Family",6.6,122,,634,5819130000,17928000000,
The Croods: A New Age,2020,"Animation,Adventure,Comedy",6.9,95,56,43280,4861310000,17920182645,
Clear and Present Danger,1994,"Action,Crime,Drama",6.9,141,74,100222,10141770000,17918680511,
One Hundred and One Dalmatians,1961,"Animation,Adventure,Comedy",7.3,79,83,168257,12025040000,17918041162,
Ted 2,2015,Comedy,6.3,115,48,209744,6762840000,17916679298,
Dracula,1992,"Drama,Fantasy,Horror",7.4,128,57,217157,6849160000,17916603436,
Vertical Limit,2000,"Action,Adventure,Drama",5.9,124,48,62163,5746920000,17900100297,
Ghostbusters II,1989,"Action,Comedy,Fantasy",6.6,108,56,207469,9336670000,17877763254,
The Patriot,2000,"Action,Drama,History",7.2,165,63,275099,9406390000,17869430386,
The Sorcerer's Apprentice,2010,"Action,Adventure,Family",6.1,109,46,162670,5241450000,17868550586,
Just Go with It,2011,"Comedy,Romance",6.4,117,33,244880,8551490000,17840484053,
The Expendables 3,2014,"Action,Adventure,Thriller",6.1,126,35,182933,3263560000,17816578891,
Dirty Dancing,1987,"Drama,Music,Romance",7,100,65,231933,51460000,17809911086,
Creed II,2018,"Drama,Sport",7.1,130,66,124925,9604760000,17779918787,
Smallfoot,2018,"Animation,Adventure,Comedy",6.6,96,60,39768,6908920000,17771589073,
Public Enemies,2009,"Action,Biography,Crime",7,140,70,303464,8059300000,17770683460,
The Bourne Identity,2002,"Action,Mystery,Thriller",7.9,119,68,545806,10097780000,17764840592,
Disclosure,1994,"Drama,Thriller",6.1,128,58,50693,6890660000,17763252387,
Pulp Fiction,1994,"Crime,Drama",8.9,154,94,2029060,8958190000,17756087246,
The Aviator,2004,"Biography,Drama",7.5,170,77,361079,8516630000,17738755186,
Wo hu cang long,2000,"Action,Adventure,Drama",7.9,120,94,269385,10630640000,17722636088,
Braveheart,1995,"Biography,Drama,History",8.4,178,68,1032016,6274800000,17696945928,
Into the Woods,2014,"Adventure,Comedy,Drama",5.9,125,69,141663,10624000000,17670896876,
Bedtime Stories,2008,"Adventure,Comedy,Family",6,99,33,95677,9138300000,17668613712,
Miss Congeniality,2000,"Action,Comedy,Crime",6.3,109,43,210746,8865230000,17657645760,
Entrapment,1999,"Action,Crime,Romance",6.3,113,54,116636,7279100000,17629564868,
Ace Ventura: When Nature Calls,1995,"Adventure,Comedy,Crime",6.4,90,45,218023,8996370000,17627999239,
End of Days,1999,"Action,Fantasy,Horror",5.8,122,33,111239,5551870000,17595090569,
Bridget Jones's Baby,2016,"Comedy,Drama,Romance",6.5,123,59,76123,2012750000,17592050860,
Fury,2014,"Action,Drama,War",7.5,134,64,486715,7123060000,17581283851,
Battle: Los Angeles,2011,"Action,Adventure,Sci-Fi",5.7,116,37,180761,6934650000,17581006382,
Australia,2008,"Adventure,Drama,Romance",6.6,165,53,125206,4112650000,17578363413,
Due Date,2010,"Comedy,Drama",6.5,95,51,343897,8344820000,17577808392,
Master and Commander: The Far Side of the World,2003,"Action,Adventure,Drama",7.4,138,81,221838,7796190000,17564670405,
A Series of Unfortunate Events,2004,"Adventure,Comedy,Family",6.8,108,62,209564,9846290000,17551863505,
The Little Mermaid,1989,"Animation,Adventure,Comedy",7.6,83,88,262826,9257820000,17541508757,
Qi ji ?Ben xiao hai,2022,"Comedy,Drama",6.7,106,,667,9771590000,17514580486,
District 9,2009,"Action,Sci-Fi,Thriller",7.9,112,81,679692,9598950000,17503782850,
Moonraker,1979,"Action,Adventure,Sci-Fi",6.2,126,66,101670,5835730000,17455572217,
The Others,2001,"Horror,Mystery,Thriller",7.6,101,74,366446,8011160000,17425604071,
Horrible Bosses,2011,"Comedy,Crime",6.9,98,57,448740,9755820000,17416600397,
Hou lai de wo men,2018,"Drama,Romance",7.4,120,,4340,830000,17365374540,
Red Dragon,2002,"Crime,Drama,Thriller",7.2,124,60,273714,7731450000,17363292734,
Tomorrowland,2015,"Action,Adventure,Family",6.4,130,60,182944,7755520000,17349960444,
Me Before You,2016,"Drama,Romance",7.4,106,51,251829,4668750000,17290077438,
Safe House,2012,"Action,Thriller",6.7,115,52,223518,10488710000,17270325015,
S.W.A.T.,2003,"Action,Adventure,Crime",6,117,45,148050,9705190000,17241228037,
The Fast and the Furious,2001,"Action,Adventure,Crime",6.8,106,58,384844,11995990000,17223953247,
Traffic,2000,"Crime,Drama,Thriller",7.6,147,86,207817,10301960000,17223805175,
Paranormal Activity 3,2011,"Horror,Mystery",5.8,83,59,95454,8632830000,17184307052,
Philadelphia,1993,Drama,7.7,125,66,242042,6417560000,17154310520,
The Conjuring: The Devil Made Me Do It,2021,"Horror,Mystery,Thriller",6.3,112,53,113608,5447290000,17131322840,
Sleepy Hollow,1999,"Fantasy,Horror,Mystery",7.3,105,65,359468,8388810000,17103934666,
The Holiday,2006,"Comedy,Romance",6.9,136,52,284868,5247260000,17085561122,
Nou fo,2021,"Action,Adventure,Crime",6.6,126,72,4700,32370000,17085257923,
The Jungle Book,1967,"Animation,Adventure,Comedy",7.6,78,65,183055,11772720000,17085019796,
London Has Fallen,2016,"Action,Thriller",5.9,99,28,158975,5202440000,17077619101,
The Break-Up,2006,"Comedy,Drama,Romance",5.8,106,45,133142,9852100000,17070461430,
Xi you: Xiang mo pian,2013,"Action,Adventure,Comedy",6.7,110,68,12944,1660000,17067886189,
The Ugly Truth,2009,"Comedy,Romance",6.4,96,28,219572,7380360000,17064749619,
JFK,1991,"Drama,History,Thriller",8,189,72,156390,5844030000,17048656334,
White House Down,2013,"Action,Drama,Thriller",6.3,131,52,222455,6067300000,17045439171,
Birds of Prey and the Fantabulous Emancipation of One Harley Quinn,2020,"Action,Adventure,Comedy",6,109,60,236909,6985280000,17041804103,
A Dog's Purpose,2017,"Adventure,Comedy,Drama",7.2,100,43,72732,5354330000,17017972977,
Gake no ue no Ponyo,2008,"Animation,Adventure,Comedy",7.6,101,86,143771,1252470000,17000613444,
Fun with Dick and Jane,2005,"Comedy,Crime",6.1,90,47,146198,9157390000,16988597617,
Eat Pray Love,2010,"Biography,Drama,Romance",5.8,133,50,97766,6687310000,16981303328,
Ghostbusters: Afterlife,2021,"Adventure,Comedy,Fantasy",7.1,124,45,177688,10736880000,16959759765,
You Don't Mess with the Zohan,2008,"Action,Comedy",5.6,113,54,202753,8301660000,16958012200,
The Addams Family,2019,"Animation,Comedy,Family",5.8,86,46,39322,8303320000,16914172347,
Hairspray,2007,"Comedy,Drama,Musical",6.7,117,81,130999,9866210000,16901103499,
King Arthur,2004,"Action,Adventure,Drama",6.3,126,46,168657,4306040000,16896132131,
Yogi Bear,2010,"Animation,Adventure,Comedy",4.6,81,35,22175,8320750000,16891278042,
Everest,2015,"Action,Adventure,Biography",7.1,121,64,217969,3608840000,16884489472,
Vanilla Sky,2001,"Fantasy,Mystery,Romance",6.9,136,45,267296,8350630000,16881232303,
Arrival,2016,"Drama,Mystery,Sci-Fi",7.9,116,81,687333,8345650000,16881219438,
Need for Speed,2014,"Action,Thriller",6.4,132,39,171494,3617140000,16872043788,
Garfield,2004,"Animation,Adventure,Comedy",5,80,27,87145,6255710000,16863310611,
Patch Adams,1998,"Biography,Comedy,Drama",6.8,115,25,114075,11207490000,16790310866,
Teenage Mutant Ninja Turtles,1990,"Action,Adventure,Comedy",6.7,93,51,94675,11227410000,16773034748,
Kindergarten Cop,1990,"Action,Comedy,Crime",6.2,111,61,150256,7591180000,16762488104,
Straight Outta Compton,2015,"Biography,Drama,History",7.8,147,72,201932,13379600000,16735704253,
21 Jump Street,2012,"Action,Comedy,Crime",7.2,109,69,556062,11491350000,16731582224,
Valkyrie,2008,"Drama,History,Thriller",7.1,121,56,245027,6895640000,16728277911,
Open Season,2006,"Animation,Adventure,Comedy",6.1,86,49,96896,7064130000,16667370187,
Cats & Dogs,2001,"Action,Adventure,Comedy",5.1,87,47,59863,7751370000,16657061836,
The Hunt for Red October,1990,"Action,Adventure,Thriller",7.5,135,58,200285,10126830000,16642549369,
Percy Jackson: Sea of Monsters,2013,"Adventure,Family,Fantasy",5.7,106,39,118717,5690480000,16587576145,
Two Weeks Notice,2002,"Comedy,Romance",6.1,101,42,119039,7748050000,16520608093,
RED,2010,"Action,Comedy,Crime",7,111,60,309159,7501540000,16517530121,
Chak daan juen ga 2,2020,"Action,Crime,Thriller",6.6,120,,2404,5894660000,16510497697,
City of Angels,1998,"Drama,Fantasy,Romance",6.7,114,54,121219,6531270000,16490864462,
The Pacifier,2005,"Action,Comedy,Drama",5.6,95,30,95001,9386470000,16486860044,
50 First Dates,2004,"Comedy,Drama,Romance",6.8,99,48,355191,10035530000,16477237522,
Total Recall,2012,"Action,Adventure,Sci-Fi",6.2,118,43,254967,4887040000,16472774944,
Yi chu hao xi,2018,"Comedy,Drama",6.2,134,61,1751,55610000,16461087050,
Lo imposible,2012,"Adventure,Drama,History",7.5,114,73,223973,1578660000,16441238596,
Ren zai jiong tu: Tai jiong,2012,"Adventure,Comedy,Drama",6.2,105,55,3533,4980000,16413863121,
Christopher Robin,2018,"Adventure,Comedy,Drama",7.2,104,60,78143,8235260000,16412783291,
Jack the Giant Slayer,2013,"Action,Adventure,Fantasy",6.3,114,51,139422,5410770000,16408071049,
Smurfs: The Lost Village,2017,"Animation,Adventure,Comedy",5.9,90,40,21802,3736660000,16366234318,
Zhong guo yi sheng,2021,Drama,4.7,129,,471,4122120000,16362887094,
Spy Kids 3: Game Over,2003,"Action,Adventure,Comedy",4.3,84,57,60852,9276080000,16359439274,
Panic Room,2002,"Crime,Drama,Thriller",6.8,112,65,280108,8001200000,16357602318,
Bullet Train,2022,"Action,Comedy,Thriller",7.4,127,49,136778,5023160000,16337139000,
The Other Woman,2014,"Comedy,Romance",6,109,39,141573,6964530000,16326962868,
Stargate,1994,"Action,Adventure,Sci-Fi",7,116,42,191090,5940310000,16315082746,
Beowulf,2007,"Animation,Action,Adventure",6.3,115,59,168626,6819280000,16300680835,
The Vow,2012,"Drama,Romance",6.8,104,43,194851,10375830000,16277509310,
Anger Management,2003,Comedy,6.2,106,52,216400,11258950000,16246903309,
Tropic Thunder,2008,"Action,Comedy,War",7,107,71,414914,9173160000,16243345929,
The Shape of Water,2017,"Drama,Fantasy,Romance",7.3,123,87,417542,5300380000,16212664896,
Rocketman,2019,"Biography,Drama,Musical",7.3,121,69,174642,7998710000,16211593200,
The Pelican Brief,1993,"Crime,Drama,Mystery",6.6,141,50,88065,8363910000,16207248648,
The BFG,2016,"Adventure,Family,Fantasy",6.3,117,66,86377,4604840000,16205203113,
The Intern,2015,"Comedy,Drama",7.1,121,51,251894,6288080000,16148867776,
The Curse of the Were-Rabbit,2005,"Animation,Adventure,Comedy",7.5,85,87,136257,4657130000,16113378553,
Gnomeo & Juliet,2011,"Animation,Adventure,Comedy",5.9,84,53,56278,8297510000,16099316610,
The Sum of All Fears,2002,"Action,Drama,Thriller",6.4,124,45,116714,9869530000,16095473876,
Tenki no ko,2019,"Animation,Drama,Fantasy",7.5,112,72,40645,647400000,16088786898,
Gangs of New York,2002,"Crime,Drama",7.5,167,72,440994,6458230000,16083117832,
Xi you ji zhi: Sun Wukong san da Baigu Jing,2016,"Action,Adventure,Fantasy",5.9,119,,3229,58930000,16075298734,
Paranormal Activity,2007,"Horror,Mystery",6.3,86,68,240026,8957360000,16048531400,
The Lego Movie 2: The Second Part,2019,"Animation,Action,Adventure",6.6,107,65,66840,8782230000,15973872070,
The Equalizer,2014,"Action,Crime,Thriller",7.2,132,57,370174,8426990000,15963451254,
Downton Abbey,2019,"Drama,Romance",7.4,122,64,56300,8038550000,15952527873,
Wu sha,2019,"Crime,Drama,Thriller",6.8,112,73,1534,8509160000,15902978118,
The Addams Family,1991,"Comedy,Fantasy",6.9,99,57,155569,9420500000,15894701358,
The Longest Yard,2005,"Comedy,Crime,Sport",6.4,113,48,179890,13123960000,15891724148,
The Lost City,2022,"Action,Adventure,Comedy",6.1,112,60,107185,12012590000,15840054407,
The Santa Clause,1994,"Comedy,Drama,Family",6.5,97,57,115965,12020890000,15814766631,
Cheaper by the Dozen,2003,"Comedy,Family",5.9,98,46,102741,11504630000,15814706290,
The Equalizer 2,2018,"Action,Crime,Thriller",6.7,121,50,159456,8472640000,15803213031,
Hollow Man,2000,"Action,Horror,Sci-Fi",5.8,112,24,131978,6076430000,15787716765,
Outbreak,1995,"Action,Drama,Thriller",6.6,127,64,130266,5629060000,15758343480,
So duk 2: Tin dei duei kuet,2019,"Action,Crime",6,99,,1312,50630000,15719899540,
The X Files,1998,"Drama,Mystery,Sci-Fi",7,121,60,106169,6963700000,15701643109,
Xin hua lu fang,2014,"Comedy,Drama,Romance",6.4,116,,1664,63910000,15688460468,
Rambo III,1988,"Action,Adventure,Thriller",5.8,102,36,131800,4458760000,15688295713,
The Secret Life of Walter Mitty,2013,"Adventure,Comedy,Drama",7.3,114,54,317252,4833920000,15615065726,
Mou seung,2018,"Action,Crime,Mystery",6.8,130,,4600,6033270000,15613694068,
Jaws 2,1978,"Adventure,Horror,Thriller",5.8,116,51,78895,8542360000,15594372581,
12 Years a Slave,2013,"Biography,Drama,History",8.1,134,96,697506,4703610000,15581855766,
Heat,1995,"Action,Crime,Drama",8.3,170,76,650648,5597520000,15557255894,
Mr. Popper's Penguins,2011,"Comedy,Family,Fantasy",6,94,53,97778,5662260000,15551025582,
The Grudge,2004,"Horror,Mystery,Thriller",5.9,91,49,145321,9159880000,15544332545,
I Now Pronounce You Chuck & Larry,2007,"Comedy,Romance",5.9,115,37,148092,9964980000,15532131711,
The Horse Whisperer,1998,"Drama,Romance,Western",6.7,169,65,41578,6256540000,15511335729,
Walk the Line,2005,"Biography,Drama,Music",7.8,136,72,251365,9920160000,15504232838,
Jian bing xia,2015,Comedy,5.6,113,,1235,7113930000,15496080744,
The Jungle Book 2,2003,"Animation,Adventure,Comedy",5.3,72,38,16595,3974870000,15463211997,
The Final Destination,2009,"Horror,Thriller",5.1,82,30,106590,5517840000,15451872537,
Atlantis: The Lost Empire,2001,"Animation,Action,Adventure",6.9,95,52,120319,6976150000,15442459175,
Inside Man,2006,"Crime,Drama,Mystery",7.6,129,76,372552,7346330000,15438298053,
The Waterboy,1998,"Comedy,Sport",6.1,90,41,164784,13403670000,15437306618,
Hugo,2011,"Adventure,Drama,Family",7.5,126,83,323110,6130380000,15418935730,
Pitch Perfect 3,2017,"Comedy,Music",5.8,93,40,64635,8706700000,15388228635,
Watchmen,2009,"Action,Drama,Mystery",7.6,162,56,550223,8923330000,15386773479,
The Birdcage,1996,Comedy,7.2,117,72,90410,10296980000,15376625899,
Moulin Rouge!,2001,"Drama,Musical,Romance",7.6,127,66,285299,4763370000,15349631560,
Snow White and the Seven Dwarfs,1937,"Animation,Adventure,Family",7.6,83,95,199508,15349190000,15348815338,
Hop,2011,"Animation,Adventure,Comedy",5.4,95,41,34659,8971470000,15302473035,
Bad Moms,2016,Comedy,6.2,100,60,125657,9400580000,15266694142,
Jupiter Ascending,2015,"Action,Adventure,Sci-Fi",5.3,127,40,188877,3933370000,15262681009,
Knowing,2009,"Action,Mystery,Sci-Fi",6.2,121,41,235104,6636680000,15243655334,
102 Dalmatians,2000,"Adventure,Comedy,Family",4.8,100,35,37736,5557680000,15239776993,
Storks,2016,"Animation,Adventure,Comedy",6.8,87,56,62604,6032440000,15231353074,
Stand by Me Doraemon,2014,"Animation,Comedy,Drama",7.3,95,,8191,4852180000,15225745262,
Paul Blart: Mall Cop,2009,"Action,Comedy,Crime",5.2,91,39,110992,1728060000,15217919607,
Wayne's World,1992,"Comedy,Music",7,94,57,157683,10101100000,15197077809,
Maverick,1994,"Action,Adventure,Comedy",7,127,62,112377,8435290000,15191595576,
Mirror Mirror,2012,"Adventure,Comedy,Drama",5.6,106,46,88106,5390020000,15190537326,
The Man in the Iron Mask,1998,"Action,Adventure,Drama",6.5,132,48,168134,4728510000,15186418866,
Cape Fear,1991,"Crime,Thriller",7.3,128,73,195086,6565300000,15130233427,
The Haunted Mansion,2003,"Comedy,Family,Fantasy",5.1,99,34,49475,6295550000,15130092078,
Xi you ji: Da nao tian gong,2014,"Action,Adventure,Family",4.9,119,,5111,58930000,15123174692,
While You Were Sleeping,1995,"Comedy,Drama,Romance",6.7,103,67,103474,6727980000,15110732328,
The Bridges of Madison County,1995,"Drama,Romance",7.6,135,69,82009,5936160000,15107379211,
Du cheng feng yun III,2016,"Comedy,Drama",2.5,113,,3250,5247260000,15083828957,
Poseidon,2006,"Action,Adventure,Thriller",5.7,98,50,105442,5035610000,15079009811,
The First Wives Club,1996,Comedy,6.4,103,58,49703,8755670000,15063603849,
Xuan ya zhi shang,2021,"Crime,Drama,Thriller",6.6,120,,2250,12450000,15050021895,
Scooby-Doo 2: Monsters Unleashed,2004,"Adventure,Comedy,Family",5.1,93,34,57979,6990260000,15042847956,
Hot Shots!,1991,"Action,Comedy",6.7,84,61,108955,5766010000,15030981612,
Road to Perdition,2002,"Crime,Drama,Thriller",7.7,117,72,268139,8669350000,15023122674,
Kill Bill: Vol. 1,2003,"Action,Crime,Drama",8.2,111,69,1106348,5818300000,15015204308,
Abominable,2019,"Animation,Adventure,Comedy",7,97,61,38652,5039760000,15000996783,
The Scorpion King,2002,"Action,Adventure,Fantasy",5.5,92,45,139017,7557150000,14992365281,
Sweet Home Alabama,2002,"Comedy,Romance",6.2,108,45,114304,10559260000,14991661192,
Daddy's Home 2,2017,Comedy,6,100,30,73585,8634490000,14990947392,
Hacksaw Ridge,2016,"Biography,Drama,History",8.1,139,71,519526,5578430000,14986781788,
Deja Vu,2006,"Action,Crime,Sci-Fi",7.1,126,59,311544,5315320000,14986276650,
The Post,2017,"Biography,Drama,History",7.2,116,83,151213,6797700000,14974799908,
Dangerous Minds,1995,"Biography,Drama",6.5,99,47,53396,7048360000,14900110283,
The Dictator,2012,Comedy,6.4,83,58,306587,4950950000,14888501239,
The League of Extraordinary Gentlemen,2003,"Action,Adventure,Fantasy",5.8,110,30,176615,5517010000,14879011932,
Allegiant,2016,"Action,Adventure,Mystery",5.7,120,33,122686,5492940000,14877490044,
Daredevil,2003,"Action,Crime",5.3,103,42,220544,8510820000,14871916594,
City Slickers,1991,"Comedy,Western",6.8,113,70,57660,10294490000,14859804653,
He's Just Not That Into You,2009,"Comedy,Drama,Romance",6.4,129,47,173744,7797850000,14845891114,
Eagle Eye,2008,"Action,Mystery,Thriller",6.6,118,43,187619,8392130000,14837692789,
Along Came Polly,2004,"Comedy,Romance",6,90,44,136227,7312300000,14799873507,
Flushed Away,2006,"Animation,Action,Adventure",6.6,85,74,126561,5367610000,14797368982,
Scary Movie 4,2006,Comedy,5.1,83,40,121998,7528930000,14795797460,
Dante's Peak,1997,"Action,Adventure,Thriller",6,108,43,91310,5571790000,14784604080,
Brokeback Mountain,2005,"Drama,Romance",7.7,134,87,356481,6892320000,14779208997,
Patriot Games,1992,"Action,Thriller",6.8,117,64,112761,6913070000,14778281721,
Flubber,1997,"Comedy,Family,Sci-Fi",5.3,93,37,90045,7717340000,14772109758,
Baywatch,2017,"Action,Comedy,Crime",5.5,116,37,186464,4818980000,14762110333,
Double Jeopardy,1999,"Crime,Drama,Mystery",6.5,105,40,87441,9689420000,14760849314,
War Horse,2011,"Action,Adventure,Drama",7.2,146,72,157803,6630040000,14739544957,
Paranormal Activity 2,2010,"Horror,Mystery",5.7,91,53,104677,7034250000,14733498656,
How to Lose a Guy in 10 Days,2003,"Comedy,Romance",6.4,116,45,238604,8782230000,14732698121,
AVP: Alien vs. Predator,2004,"Action,Adventure,Horror",5.6,101,29,201179,6663240000,14726448470,
Ying xiong,2002,"Action,Adventure,Drama",7.9,120,85,181634,4457930000,14723831231,
The 40 Year Old Virgin,2005,"Comedy,Romance",7.1,116,73,436221,9084350000,14722427535,
The Butler,2013,"Biography,Drama",7.2,132,65,115446,9680290000,14717044985,
The Haunting,1999,"Fantasy,Horror,Mystery",5,113,42,76733,7587030000,14716825533,
The Descendants,2011,"Comedy,Drama",7.3,115,84,242388,6854140000,14711184355,
The A-Team,2010,"Action,Adventure,Thriller",6.7,117,47,259316,6409260000,14710820068,
Tootsie,1982,"Comedy,Drama,Romance",7.4,116,88,107311,14707600000,14707622493,
In the Line of Fire,1993,"Action,Crime,Drama",7.2,128,74,104598,8491730000,14690764944,
Analyze This,1999,"Comedy,Crime",6.7,103,61,154726,8871870000,14681509614,
The Hitman's Bodyguard,2017,"Action,Comedy,Crime",6.9,118,47,230821,6264010000,14657817181,
